Email Address,Name,Phone,College,Channel,Ticket ID
"vaishnavimaru@somaiya.edu","vaishnavi maru","8850826855","Somaiya Vidyavihar University - S.K. Somaiya College","KJ Somaiya College","SKS-501032"
"iaayan.mailboxx@gmail.com","Ayan Shaikh","9920733069","SIWS","SIWS","SIW-435884"
"pandeyanshika1615@gmail.com","Anshika Pandey","9082880839","SIWS","SIWS","SIW-595847"
"asmiruparel@gmail.com","Asmi Ruparel","7666383972","Somaiya Vidyavihar University - S.K. Somaiya College","KJ Somaiya College","SKS-470354"
"20252651023@siwscollege.edu.in","JAISWAR PRIYANKA KUMARI SANJAY Priyanka Sanjay Jaiswar","8591066471","SIWS","SIWS","SIW-829120"
"g24.laavanya.ravindramedi@gnkhalsa.edu.in","Laavanya Ravindra Medi","9137110299","Guru Nanak Khalsa College","Guru Nanak Khalsa College","GUR-262280"
"qudratifauzia@gmail.com","Fauzia Qudrati","7096165136","Somaiya Vidyavihar University - S.K. Somaiya College","KJ Somaiya College","SKS-687811"
"shubh.shah1520@gmail.com","Shubh Hiren Shah","7490050500","Somaiya Vidyavihar University - S.K. Somaiya College","KJ Somaiya College","SKS-486352"
"chiranshushrimali86@gmail.com","Chiranshu Shrimali","8955275793","Somaiya Vidyavihar University - S.K. Somaiya College","KJ Somaiya College","SKS-291763"
"siddhiboricha05@gmail.com","Siddhi Boricha","9137976668","Somaiya Vidyavihar University - S.K. Somaiya College","KJ Somaiya College","SKS-281770"
"yogeshmaurya2605@gmail.com","Yogesh Maurya","8097065981","Somaiya Vidyavihar University - S.K. Somaiya College","KJ Somaiya College","SKS-117259"
"lalit.sp@somaiya.edu","LALIT PAWAR","8652842584","Kj Somaiya College","KJ Somaiya College","KJS-497339"
"20252651002@siwscollege","Ramachandran.E","9867651168","SIWS","SIWS","SIW-642571"
"afshashaikh80530@gmail.com","NAMRA ABDUL RASHID SHAIKH","8097805340","SIWS","SIWS","SIW-427928"
"janvipandhre@gmail.com","Janvi subhash pandhre","8369341140","SIWS","SIWS","SIW-639120"
"amalepayal044@gmail.com","Payal Vilas Amale","9594986773","SIWS","SIWS","SIW-761058"
"sharmaharsh56245@gmail.com","Harsh yashpal sharma","7208426200","SIWS","SIWS","SIW-522793"
"manthanrewale889@gmail.com","Manthan rewale","9321786121","SIWS","SIWS","SIW-726656"
"poojagupta291107@gmail.com","Pooja Gupta","9619072081","SIWS","SIWS","SIW-184182"
"udaypujari84@gmail.com","Uday Anantraj Pujari","8850899663","SIWS","SIWS","SIW-546436"
"srushti21705@gmail.com","Srushti Kamlakar Wani","7710902332","SIWS","SIWS","SIW-397401"
"imaadshaikh708@gmail.com","Imaad Shaikh","8104881104","SIWS","SIWS","SIW-632086"
"niteshcounder042@gmail.com","Coundal Nitesh velleaturai silvi","8655073507","SIWS","SIWS","SIW-714288"
"hamzaboxermum@gmail.com","Sayed Mohammed Hamza","9321612228","SIWS","SIWS","SIW-594144"
"harshdeepram39@gmail.com","HarshdeepAmarjeet Ram","9167875895","SIWS","SIWS","SIW-652045"
"anchalpal@7208","Anchal Pal","8423262454","SIWS","SIWS","SIW-330503"
"sohamsable15@gmail.com","Soham Sable","9082651238","SIWS","SIWS","SIW-285318"
"dhirajmaurya677@gmail.com","Dhiraj Mahendra mourya","8169194756","SIWS","SIWS","SIW-846117"
"samadfarooqui099@gmail.com","Farooqui mohd samad","8286724650","SIWS","SIWS","SIW-361872"
"yusuf.exe08@gmail.com","Shaikh yusuf ashfaque","9082371989","SIWS","SIWS","SIW-361298"
"sundarbsm73@gmail.com","Gokula Krishnan nadar","8433855590","SIWS","SIWS","SIW-248504"
"satyavatiyadav22@gmail.com","Satyavati Sababrij Yadav","9326023423","SIWS","SIWS","SIW-459985"
"sajidabibipalapara@gmail.com","Palapara Sajida Bibi","9136649656","SIWS","SIWS","SIW-298518"
"neelam78790@gmail.com","Prajapati Neelam Rambrij","7021919183","SIWS","SIWS","SIW-800541"
"pragatipatwa22@gmail.com","Pragati Patwa","8976590807","SIWS","SIWS","SIW-894334"
"shreejigopal8@gmail.com","Pavithra Kandaswami Devendra","9372146680","SIWS","SIWS","SIW-416203"
"theabdulop@gmail.com","Shaikh Abdul Karim Hussain Ahmed","8652268470","SIWS","SIWS","SIW-423719"
"kritikakalwar503@gmail.com","Kritika Vijay Kalwar","8291892089","SIWS","SIWS","SIW-216876"
"mariammalkonar1225@gmail.com","mariammal konar","9167568937","SIWS","SIWS","SIW-322966"
"g24.tanishka.mukeshsingh@gnkhalsa.edu.in","Singh Tanishka Mukesh Vinita","8976492315","Guru Nanak Khalsa College","Guru Nanak Khalsa College","GUR-860744"
"aditikawle93@gmail.com","Aditi Kawle","9167433262","Guru Nanak Khalsa College","Guru Nanak Khalsa College","GUR-566549"
"prernapanda2004@gmail.com","Prerna Panda","8976092798","SIES Nerul","SIES NERUL","SIE-730083"
"mishathakkar437@gmail.com","Misha himadvee Thakkar","7304354229","Somaiya Vidyavihar University - S.K. Somaiya College","KJ Somaiya College","SKS-318001"
"siddhisingh2201@gmail.com","Siddhi shailender Singh","9321011535","Bhartiya Vidyapeeth","BHARTIYA VIDYAPEETH","BHA-425389"
"utkarsh.kanojiya@somaiya.edu","Utkarsh pintoo kanojiya","8591245604","Somaiya Vidyavihar University - S.K. Somaiya College","KJ Somaiya College","SKS-349209"
"ashishkadu2910@gmail.com","Ashish kadu","7021612141","Somaiya Vidyavihar University - S.K. Somaiya College","KJ Somaiya College","SKS-241965"
"nihaltambe61@gmail.com","Nihal Tambe","8591679436","Somaiya Vidyavihar University - S.K. Somaiya College","KJ Somaiya College","SKS-864971"
"kinjal.kulkarni25@gmail.com","Kinjal M Kulkarni","9967761707","Somaiya Vidyavihar University - S.K. Somaiya College","KJ Somaiya College","SKS-780159"
"shrutiimane18@gmail.com","Shruti A Mane","8356955597","Somaiya Vidyavihar University - S.K. Somaiya College","KJ Somaiya College","SKS-601505"
"kadamdipti1110@gmail.com","Dipti Kadam","9175608502","Somaiya Vidyavihar University - S.K. Somaiya College","KJ Somaiya College","SKS-406953"
"ani.abh2010@gmail.com","Ananya M Abhyankar","9004051154","Somaiya Vidyavihar University - S.K. Somaiya College","KJ Somaiya College","SKS-150610"
"kalyaanikrishna@gmail.com","Khushi Gaurang Patel","7621968405","SIES Nerul","SIES NERUL","SIE-215788"
"sagardhokare08@gmail.com","Sagar","7506557689","Guru Nanak Khalsa College","Guru Nanak Khalsa College","GUR-876807"
"dimpleparab19@gmail.com","Dimple Parab","9594163221","SIWS","SIWS","SIW-503649"
"mullahsauleeha@gmail.com","SAULEEHA IBRAHIM MULLAH","7738584201","Guru Nanak Khalsa College","Guru Nanak Khalsa College","GUR-972575"
"sshlokshinde1286@gmail.com","Shlok Santosh Shinde","9892481769","Guru Nanak Khalsa College","Guru Nanak Khalsa College","GUR-781899"
"tishapanchal2024@gmail.com","Tisha Bharat Panchal","9987606725","SIES Nerul","SIES NERUL","SIE-292050"
"sahusandhya830@gmail.com","Anjali Sibaram Sahu","8983987289","SIES Nerul","SIES NERUL","SIE-529216"
"nandini23naik@gmail.com","Nandini Umaji Naik","8432569345","SIES Nerul","SIES NERUL","SIE-731505"
"hannimirashi36@gmail.com","Mirashi Hanni Sadanand Renu","8591729650","Guru Nanak Khalsa College","Guru Nanak Khalsa College","GUR-886101"
"shilpa.12609@gmail.com","Shilpa Gupta","7304979606","Guru Nanak Khalsa College","Guru Nanak Khalsa College","GUR-983498"
"ojaskadam08@gmail.com","Ojas Kadam","7977893440","Bhartiya Vidyapeeth","BHARTIYA VIDYAPEETH","BHA-804495"
"aryankd14@gmail.com","Aryan Kadam","9768123508","SIES Nerul","SIES NERUL","SIE-411307"
"sumitdhakoliya220@gmail.com","DHAKOLIYA SUMIT AZADBABU REENU","8850047827","SIWS","SIWS","SIW-353090"
"tanviparte0606@gmail.com","TANVI PARTE","8591235751","VJTI","VJTI","VJT-159504"
"navyarajbhar17@gmail.com","Navya Rajbhar","9326293316","Guru Nanak Khalsa College","Guru Nanak Khalsa College","GUR-155342"
"shaikhajmira87@gmail.com","Shaikh Ajmira Aziz","9920121929","SIWS","SIWS","SIW-721304"
"ganeshaakunoor14@gmail.com","Ganesh Rajanna Aakunoor","9326565450","SIES Nerul","SIES NERUL","SIE-651387"
"gargi250804@gmail.com","Gargi Gupta","9322754074","SIES Nerul","SIES NERUL","SIE-211978"
"djayc8@gmail.com","Dhananjay Chavan","7499297173","SIES Nerul","SIES NERUL","SIE-504772"
"yashsinghofficial04@gmail.com","Yash Sanjeevmani Singh","8433769178","SIES Nerul","SIES NERUL","SIE-223986"
"amansingh686884@gmail.com","Amankumar Singh","7045975245","SIES Nerul","SIES NERUL","SIE-562083"
"ashutosh01gupta2010@gmail.com","Ashutosh Gupta","7021331851","Somaiya Vidyavihar University - S.K. Somaiya College","KJ Somaiya College","SKS-556342"
"shahzadj786786@gmail.com","Shahjad ahmed ansari","9152458516","SIWS","SIWS","SIW-967379"
"yasmeensarang@gmail.com","AIZA JAVED SARANG","9819515331","Bhartiya Vidyapeeth","BHARTIYA VIDYAPEETH","BHA-572116"
"d4dhwanipanchal@gmail.com","Dhwani Panchal","7977959326","KES Shroff College of Arts & Commerce","KES Shroff College","KS-WM9YG2"
"9869abhishek@gmail.com","Abhishek Ashok Chincholikar","7715985078","SIES Nerul","SIES NERUL","SIE-889269"
"sharvi699@gmail.com","Sharvi Thite","8433987174","Somaiya Vidyavihar University - S.K. Somaiya College","KJ Somaiya College","SKS-210506"
"krishnasaroj653@gmail.com","Krishna Chandresh Saroj","8369945554","Guru Nanak Khalsa College","Guru Nanak Khalsa College","GUR-808786"
"srikanth.sabat@somaiya.edu","Srikanth A sabat","9326539181","Somaiya Vidyavihar University - S.K. Somaiya College","KJ Somaiya College","SKS-273866"
"kanaadborse7@gmail.com","Kanaad Dhananjay Borse","9594954647","Bhartiya Vidyapeeth","BHARTIYA VIDYAPEETH","BHA-183727"
"njiya1500@gmail.com","Jiya vijay nara","9987740409","H.R. College of Commerce & Economics","HR College","HRC-316980"
"aditimadur17@gmail.com","Aditi Madur","8928484477","Bhartiya Vidyapeeth","BHARTIYA VIDYAPEETH","BHA-873116"
"snehalnadkar48@gmail.com","Snehal Nadkar","8169872464","Guru Nanak Khalsa College","Guru Nanak Khalsa College","GUR-974059"
"vaibhavigandal@gmail.com","GANDAL VAIBHAVI RAJENDRA TRUPTI","9833807886","Guru nanak khalsa college","Campus Vendor Partner","VEN-591537"
"kanupriyan6@gmail.com","Rudra Shivshyam Vibhute","9326140200","Somaiya Vidyavihar University - S.K. Somaiya College","KJ Somaiya College","SKS-955471"
"pranitashirodkar31@gmail.com","Shirodkar Pranita Pravin Prachi","9167411106","Guru Nanak Khalsa College","Campus Vendor Partner","VEN-413181"
"ghorpaderutuja32@gmail.com","Rutuja Ghorpade","9082624374","Somaiya Vidyavihar University - S.K. Somaiya College","KJ Somaiya College","SKS-485385"
"harshsankhla570@gmail.com","Sankhla Harsh sudarshan Sheela","9376441402","Guru Nanak Khalsa College","Guru Nanak Khalsa College","GUR-592720"
"acharekararya86@gmail.com","Acharekar Arya","9004372529","Guru Nanak Khalsa College","Guru Nanak Khalsa College","GUR-189976"
"shindesiddhi696@gmail.com","Shinde Siddhi Dinesh Shruti","9321840108","Guru Nanak Khalsa College","Guru Nanak Khalsa College","GUR-961713"
"chauhannaina1803@gmail.com","Chauhan naina chhattu reetadevi","9930465211","Guru Nanak Khalsa College","Guru Nanak Khalsa College","GUR-787739"
"nakulshinde728@gmail.com","Nakul Shinde","8452822066","Guru Nanak Khalsa College","Guru Nanak Khalsa College","GUR-166522"
"vishalbhati00811@gmail.com","Vishal Bhati","7738332375","SIES Nerul","SIES NERUL","SIE-855103"
"khushiarade46@gmail.com","Khushi  shivaji Arade","7977026869","Guru Nanak Khalsa College","Guru Nanak Khalsa College","GUR-981884"
"shaikhsaniya7812@gmail.com","Saniya Shaikh","9619157374","SIWS","SIWS","SIW-626448"
"padalkarpramod54@gmail.com","Pramod Navnath Padalkar","8591578817","Somaiya Vidyavihar University - S.K. Somaiya College","KJ Somaiya College","SKS-464968"
"327.harrypulikotil@gmail.com","Harry Paul Pulikottil","8450990582","SIES Nerul","SIES NERUL","SIE-608068"
"ashmeetkaur3444@gmail.com","Punglia Ashmeet Kaur Sukhbinder Singh Rajinder Kaur","7039115913","Guru Nanak Khalsa College","Guru Nanak Khalsa College","GUR-234287"
"chaurasiyasakshi849@gmail.com","Chaurasiya Sakshi Dinesh Sita","9137255492","Guru Nanak Khalsa College","Guru Nanak Khalsa College","GUR-578540"
"aartivilassawant@gmail.com","Aarti Vilas Sawant","8169194221","SIES Nerul","SIES NERUL","SIE-880517"
"mithilakdm@gmail.com","Mithila kadam","9137729568","Guru Nanak Khalsa College","Guru Nanak Khalsa College","GUR-473619"
"bhandaribhumi77@gmail.com","Bhandari Bhumika Chandansingh Rekha","9324995658","Guru Nanak Khalsa College","Guru Nanak Khalsa College","GUR-990506"
"khushpreetkaurriyad@gmail.com","Khushpreet kaur riyad","8591046987","Guru Nanak Khalsa College","Guru Nanak Khalsa College","GUR-550901"
"tanveersinghrathod9@gmail.com","Rathod tanveer singh ujagar singh amandeep kaur","9967443113","Guru Nanak Khalsa College","Guru Nanak Khalsa College","GUR-104867"
"03khushiwaghela@gmail.com","khushi waghela","7021947518","Guru Nanak Khalsa College","Guru Nanak Khalsa College","GUR-543303"
"tejalsatpute3@gmail.com","Tejal Satpute","9702117298","Guru Nanak Khalsa College","Guru Nanak Khalsa College","GUR-193897"
"nairabhinandh01@gmail.com","Abhinandh Venugopal Nair","8080611143","SIES Nerul","SIES NERUL","SIE-533915"
"sanketfere5@gmail.com","SANKET H FERE","9325224408","SIES Nerul","SIES NERUL","SIE-249857"
"gaonkardhruvi08@gmail.com","Dhruvi Gaonkar","8879451180","Guru Nanak Khalsa College","Guru Nanak Khalsa College","GUR-981448"
"dhanabalajikalasamy@gmail.com","Dhanabalaji Nadar","9324997553","SIES Nerul","SIES NERUL","SIE-432533"
"masandsamarth@gmail.com","Samarth Masand","8858698380","SIES Nerul","SIES NERUL","SIE-652503"
"jasg.mca25@siescoms.sies.edu.in","Jas D Gohil","7710980462","SIES Nerul","SIES NERUL","SIE-754620"
"atanuchatiyal2@gmail.com","Atanu Chatiyal","9892585192","Guru Nanak Khalsa College","Guru Nanak Khalsa College","GUR-808692"
"mansijadhav0125@gmail.com","Mansi Jadhav","9082630329","SIES Nerul","SIES NERUL","SIE-352314"
"ashzen872@gmail.com","Aquib khan","9969205509","SIES Nerul","SIES NERUL","SIE-376359"
"samikshasalvi260@gmail.com","Samiksha Nilesh Salvi","8928545088","Guru Nanak Khalsa College","Guru Nanak Khalsa College","GUR-901881"
"shrushtik1259@gmail.com","Shrushti Kadam","8169030218","Bhartiya Vidyapeeth","BHARTIYA VIDYAPEETH","BHA-992199"
"tanishkapadwal2001@gmail.com","Tanishka Sandip Padwal","7972395746","Guru Nanak Khalsa College","Guru Nanak Khalsa College","GUR-483314"
"riyarahulsingh27@gmail.com","Riya Singh","9082745050","Guru Nanak Khalsa College","Guru Nanak Khalsa College","GUR-664034"
"g26.raj.ravindrashirishkar@gnkhalsa.edu.in","SHIRISHKAR RAJ RAVINDRA RAVINA","9136318273","Guru Nanak Khalsa College","Guru Nanak Khalsa College","GUR-231788"
"g26.vipul.dungraramparmar@gnkhalsa.edu.in","Parmar  vipul dungraram navu","8291364873","Guru Nanak Khalsa College","Guru Nanak Khalsa College","GUR-925692"
"bhavishbauva@gmail.com","Bhavish Deepak Bauva","9702981234","Somaiya Vidyavihar University - S.K. Somaiya College","KJ Somaiya College","SKS-444841"
"akshatsumesh@gmail.com","AKSHAT Sumesh ragee","8396422548","Guru Nanak Khalsa College","Guru Nanak Khalsa College","GUR-704590"
"rishikaaherwar@gmail.com","Rishika Aherwar","9833643538","Guru Nanak Khalsa College","Guru Nanak Khalsa College","GUR-839586"
"dhrutigaikwad19@gmail.com","Dhruti Gaikwad","8355872497","Guru Nanak Khalsa College","Guru Nanak Khalsa College","GUR-499739"
"adityaisngh29@gmail.com","Aditya Dhananjay Singh","8452851172","Somaiya Vidyavihar University - S.K. Somaiya College","KJ Somaiya College","SKS-575261"
"kritika08desai@gmail.com","Kritika desai","9321830014","Somaiya Vidyavihar University - S.K. Somaiya College","KJ Somaiya College","SKS-993564"
"baansipatel740@gmail.com","Bansi sandha","9076328631","Somaiya Vidyavihar University - S.K. Somaiya College","KJ Somaiya College","SKS-310368"
"kakdesimran8@gmail.com","Simran Ramesh Kakde","8355952906","Somaiya Vidyavihar University - S.K. Somaiya College","KJ Somaiya College","SKS-260290"
"pc1598839@gmail.com","Prem kumar","8303636436","Guru Nanak Khalsa College","Guru Nanak Khalsa College","GUR-241885"
"ameyatankar9@gmail.com","Ameya Tankar","8850188405","Guru Nanak Khalsa College","Guru Nanak Khalsa College","GUR-429212"
"shameemunnissak@gmail.com","Shameemunnissa Khan","8451840408","SIWS","SIWS","SIW-579264"
"palviacharya0506@gmail.com","Acharya Palvi Vishwanath Preethi","9321120470","Guru Nanak Khalsa College","Guru Nanak Khalsa College","GUR-157586"
"siddhikam6@gmail.com","Siddhika Mhatre","8898868624","Bhartiya Vidyapeeth","BHARTIYA VIDYAPEETH","BHA-903964"
"naitiknavasagare123@gmail.com","Naitik Navasagare","9326170802","Somaiya Vidyavihar University - S.K. Somaiya College","KJ Somaiya College","SKS-120863"
"saiparsadlawangare@gmail.com","Saiprasad Nagesh lawangare","9152493233","SIWS","SIWS","SIW-340259"
"sharmamadhuri51572@gmail.com","Ankit Sharma","9653468556","Guru Nanak Khalsa College","Guru Nanak Khalsa College","GUR-990603"
"haiderlimbdiwala971@gmail.com","Haider Limbdiwala","8433722517","Somaiya Vidyavihar University - S.K. Somaiya College","KJ Somaiya College","SKS-485282"
"atharvamayekar0701@gmail.com","MAYEKAR ATHARVA VIJAY","9321514960","SIWS","SIWS","SIW-223478"
"pritamdebnath1608@gmail.com","DEBNATH PRITAM SUDHIR MAMATA","8591819568","Guru Nanak Khalsa College","Guru Nanak Khalsa College","GUR-332232"
"mkashifshaikh09@gmail.com","Shaikh Mohd Kashif Sadique","7400431322","RGIT","RGIT","RGI-992378"
"atharva.shetty0412@gmail.com","Atharva Shetty","9702041208","Guru Nanak Khalsa College","Guru Nanak Khalsa College","GUR-916593"
"akshayprajapati07may2007@gmail.com","Akshay Prajapati","8291654790","Sydenham College of Commerce and Economics","Sydenham College","SYD-848214"
"kartiksinghathome@gmail.com","Singh kartik Rajendra","9833525653","Guru Nanak Khalsa College","Guru Nanak Khalsa College","GUR-183673"
"adarshjadhav1080@gmail.com","Adarsh Arun Jadhav","9594368353","Guru Nanak Khalsa College","Guru Nanak Khalsa College","GUR-866658"
"vedantkangane846@gmail.com","Vedant Sunil Kangane","9594020134","Guru Nanak Khalsa College","Guru Nanak Khalsa College","GUR-372813"
"sreyamadipelli@gmail.com","Shreya  Rajendra Madipelli","7021264910","H.R. College of Commerce & Economics","HR College","HRC-899407"
"aditiiijadhav07@gmail.com","Aditi Arun Jadhav","7718973046","Guru Nanak Khalsa College","Guru Nanak Khalsa College","GUR-854157"
"nadardhanashriya@gmail.com","Nadar Dhanashriya Murugan Devi","8433954022","Guru Nanak Khalsa College","Guru Nanak Khalsa College","GUR-274451"
"eshikasutar@gmail.com","SUTAR ESHIKA SANTOSH VANITA","9362687841","Guru Nanak Khalsa College","Guru Nanak Khalsa College","GUR-171981"
"pradnyeshbharambe@gmail.com","Pradnyesh Kishor Bharambe","8446598491","Sydenham College of Commerce and Economics","Sydenham College","SYD-808549"
"pravinyasv@gmail.com","Pravinya Vairal","9221909155","Somaiya Vidyavihar University - S.K. Somaiya College","KJ Somaiya College","SKS-462237"
"avikat2309@gmail.com","Aisha Tiwari","9082404846","Somaiya Vidyavihar University - S.K. Somaiya College","KJ Somaiya College","SKS-314177"
"anushka.gupta272008@gmail.com","Gupta Anushka Pradeep Leena","9819104368","Guru Nanak Khalsa College","Guru Nanak Khalsa College","GUR-685344"
"tanishkaghag26@gmail.com","Tanishka Ghag","8291016122","Guru Nanak Khalsa College","Guru Nanak Khalsa College","GUR-580343"
"g26.harsh.kishorkamble@gnkhalsa.edu.in","KAMBLE HARSH KISHOR SAVITA","9224014614","Guru Nanak Khalsa College","Guru Nanak Khalsa College","GUR-478712"
"aishmoorthy08@gmail.com","Ayshwarya Narayanamoorthi","7506006673","Guru Nanak Khalsa College","Guru Nanak Khalsa College","GUR-973782"
"g26.arya.rajendrasawant@gnkhalsa.edu.in","Arya Rajendra Sawant","9821999059","Guru Nanak Khalsa College","Guru Nanak Khalsa College","GUR-673846"
"g26.parth.kishorkamble@gnkhalsa.edu.in","KAMBLE PARTH KISHOR SAVITA","8433615699","Guru Nanak Khalsa College","Guru Nanak Khalsa College","GUR-116737"
"yuvrajgoyal850@gmail.com","YUVRAJ GOYAL","8928826070","KES Shroff College of Arts & Commerce","KES Shroff College","KS-65AG8M"
"bhoomis535@gmail.com","Bhoomi  S Sonawane","9653622478","Somaiya Vidyavihar University - S.K. Somaiya College","KJ Somaiya College","SKS-318100"
"shrieyarapelli123@gmail.com","Shrieya Rapelli","7021063535","Guru Nanak Khalsa College","Guru Nanak Khalsa College","GUR-137929"
"dhairyathakker8123@gmail.com","Thakker Dhairya Hemal","7666411234","Guru Nanak Khalsa College","Guru Nanak Khalsa College","GUR-684365"
"keeharinadar@gmail.com","Keerthana harichandran","9869460953","Guru Nanak Khalsa College","Guru Nanak Khalsa College","GUR-996640"
"manearyan1408@gmail.com","Aryan Mane","7045715721","Guru Nanak Khalsa College","Guru Nanak Khalsa College","GUR-764071"
"saya56tanna@gmail.com","siddhi tanna","9504096096","Somaiya Vidyavihar University - S.K. Somaiya College","KJ Somaiya College","SKS-877793"
"neelsatam21@gmail.com","Neel Satam","8097797462","Guru Nanak Khalsa College","Guru Nanak Khalsa College","GUR-204118"
"anmolchav788@gmail.com","Anmol Sanjay Chavan","9321470951","Guru Nanak Khalsa College","Guru Nanak Khalsa College","GUR-778937"
"vedikasawant379@gmail.com","Sawant vedika babaso sharada","7249580309","Guru Nanak Khalsa College","Guru Nanak Khalsa College","GUR-582539"
"sarthakpanchal091@gmail.com","SARTHAK VILAS PANCHAL","9819003927","Guru Nanak Khalsa College","Guru Nanak Khalsa College","GUR-487550"
"mukarramsoni3@gmail.com","Mukarram Soni","7045318832","Somaiya Vidyavihar University - S.K. Somaiya College","KJ Somaiya College","SKS-231929"
"bhavyagohil02@gmail.com","Bhavya GOHIL","8850138896","Guru Nanak Khalsa College","Guru Nanak Khalsa College","GUR-588262"
"mail2huseina@gmail.com","Huseina Kachwala","8452076252","Somaiya Vidyavihar University - S.K. Somaiya College","KJ Somaiya College","SKS-104605"
"ayushswar08@gmail.com","Ayush Swar","8291313122","Guru Nanak Khalsa College","Guru Nanak Khalsa College","GUR-412246"
"asmitagawande171@gmail.com","asmita gawande","7400172816","Guru Nanak Khalsa College","Guru Nanak Khalsa College","GUR-619145"
"jpranay2211@gmail.com","Pranay Joshi","8652121644","Guru Nanak Khalsa College","Guru Nanak Khalsa College","GUR-186591"
"veldanadar666@gmail.com","Nadar Velda Mani Joslin","9321246305","Guru Nanak Khalsa College","Guru Nanak Khalsa College","GUR-519424"
"melsenraja687@gmail.com","Nadar melsen raja Arputha Sundar jeya kohila","7710050489","Guru Nanak Khalsa College","Guru Nanak Khalsa College","GUR-653148"
"latikamallick7710@gmail.com","Latika mallick","7977418237","Somaiya Vidyavihar University - S.K. Somaiya College","KJ Somaiya College","SKS-314003"
"shindecsharvari@gmail.com","Sharvari sukhadev Shinde","8452967217","Guru Nanak Khalsa College","Guru Nanak Khalsa College","GUR-925994"
"tanisha.malgaonkar30@gmail.com","Tanisha Malgaonkar","7304132173","Somaiya Vidyavihar University - S.K. Somaiya College","KJ Somaiya College","SKS-852621"
"harshiththokala48@gmail.com","THOKALA HARSHITH NARSAYYA PADMA","9321601756","Guru Nanak Khalsa College","Guru Nanak Khalsa College","GUR-190461"
"patwarohan579@gmail.com","Rohan Patwa","9004901270","Guru Nanak Khalsa College","Guru Nanak Khalsa College","GUR-564556"
"anujshow2008@gmail.com","SHOW ANUJ ANUP KRIPA","7021674588","Guru Nanak Khalsa College","Guru Nanak Khalsa College","GUR-912642"
"nparmar0916@gmail.com","Parmar Neha Bhawarlal Vasnati","8369811841","Guru Nanak Khalsa College","Guru Nanak Khalsa College","GUR-919911"
"rishabhbharadwaj621@gmail.com","Rishabh mahendra bharadwaj","9930924574","Somaiya Vidyavihar University - S.K. Somaiya College","KJ Somaiya College","SKS-540095"
"shravanhegde07@gmail.com","Shravan Hegde","9136885895","Guru Nanak Khalsa College","Guru Nanak Khalsa College","GUR-273031"
"jaypatil2095@gmail.com","Jay patil","9370405479","Bhartiya Vidyapeeth","BHARTIYA VIDYAPEETH","BHA-255406"
"riyasingh932140@gmail.com","Riya Singh","9321402285","Guru Nanak Khalsa College","Guru Nanak Khalsa College","GUR-453705"
"shamimshaikhyoyoboyz@gmail.com","Shamshad yakub shaikh","9930347497","Guru Nanak Khalsa College","Guru Nanak Khalsa College","GUR-526129"
"moksh.chamrani@somaiya.edu","MOKSH CHAMARANI","8268333434","Somaiya Vidyavihar University - S.K. Somaiya College","KJ Somaiya College","SKS-936454"
"juveriyapathan93@gmail.com","Pathan Juveriya Khalid Amina","9112191393","Guru Nanak Khalsa College","Guru Nanak Khalsa College","GUR-341823"
"rahul.yadav120120008@gmail.com","Yadav Navneet prakash kumar gunja","9594067646","Guru Nanak Khalsa College","Guru Nanak Khalsa College","GUR-213107"
"urvip0904@gmail.com","Urvi rajendra pawar","8108141009","Somaiya Vidyavihar University - S.K. Somaiya College","KJ Somaiya College","SKS-267863"
"borkarkartik71@gmail.com","Borkar Kartik Shirish Madhura","9082622163","Guru Nanak Khalsa College","Guru Nanak Khalsa College","GUR-817672"
"dandademaitrai@gmail.com","Maitrai Nitin Dandade","7823037005","Guru Nanak Khalsa College","Guru Nanak Khalsa College","GUR-568823"
"aiyshachaudhary49@gmail.com","Aiysha Chaudhary","9833034885","Guru Nanak Khalsa College","Guru Nanak Khalsa College","GUR-176123"
"kaustubhtyagi1611@gmail.com","Kaustubh Tyagi","8347239314","RGIT","RGIT","RGI-706368"
"manoharsjadhav99@gmail.com","Jadhav Shrivardhan Manohar","7249746574","VJTI","VJTI","VJT-633408"
"yourlovelydovely@gmail.com","AYESHA M SHAIKH","9136706059","Somaiya Vidyavihar University - S.K. Somaiya College","KJ Somaiya College","SKS-524858"
"abolizurange1108@gmail.com","Zurange Aboli Navnath Chhaya","9892615722","Guru Nanak Khalsa College","Guru Nanak Khalsa College","GUR-317982"
"dhevikanadar@gmail.com","Nadar Dhevika Sakthivel Annalakshmi","8369277454","Guru Nanak Khalsa College","Guru Nanak Khalsa College","GUR-565672"
"shloka049@gmail.com","SHLOK SINGH","9326365102","Guru Nanak Khalsa College","Guru Nanak Khalsa College","GUR-871944"
"khanamas992@gmail.com","Khan Amas Irshad Saira","9321014481","Guru Nanak Khalsa College","Guru Nanak Khalsa College","GUR-563101"
"gurveersinghchauhan09@gmail.com","Chauhan Gurveer singh Sukhjit singh Kamalpreet kaur","9372617588","Guru Nanak Khalsa College","Guru Nanak Khalsa College","GUR-950030"
"sandhaharsh096@gmail.com","HARSH SANDHA","7039375626","Guru Nanak Khalsa College","Guru Nanak Khalsa College","GUR-346452"
"bhagubaimane@gmail.com","Priyal R Mane","9321326524","Somaiya Vidyavihar University - S.K. Somaiya College","KJ Somaiya College","SKS-190361"
"gangaraadi@gmail.com","Aadi Gangar","7777080878","Guru Nanak Khalsa College","Guru Nanak Khalsa College","GUR-619545"
"adityachaursiyx@gmail.com","CHOURASIYA ADITYA RAMJI REENA","7977381392","Guru Nanak Khalsa College","Guru Nanak Khalsa College","GUR-167304"
"maithiliutekar3@gmail.com","UTEKAR MAITHILI PRASAD PRANETI","9833543033","Guru Nanak Khalsa College","Guru Nanak Khalsa College","GUR-520440"
"sanikagurav308@gmail.com","Sanika Gurav","9136995131","Guru Nanak Khalsa College","Guru Nanak Khalsa College","GUR-790527"
"shraddharamane03@gmail.com","Ramane Shraddha Suhas Snehal","8097081068","Guru Nanak Khalsa College","Guru Nanak Khalsa College","GUR-741722"
"ananyasurve31@gmail.com","ANANYA M SURVE","9004513414","Somaiya Vidyavihar University - S.K. Somaiya College","KJ Somaiya College","SKS-789792"
"rishabh08@somaiya.edu","Rishabh Singh","8097735225","Somaiya Vidyavihar University - S.K. Somaiya College","KJ Somaiya College","SKS-813324"
"namira31061@gmail.com","Namira Ansari","8082520771","Somaiya Vidyavihar University - S.K. Somaiya College","KJ Somaiya College","SKS-429157"
"arunaraval69@gmail.com","Reet raval","9920186556","Somaiya Vidyavihar University - S.K. Somaiya College","KJ Somaiya College","SKS-196426"
"66.aditi.sharma@gmail.com","Aditi Sharma","9769174920","Guru Nanak Khalsa College","Guru Nanak Khalsa College","GUR-190485"
"rohitudar4@gmail.com","UDAR ROHIT RAMDAS KALPANA","7249686515","Guru Nanak Khalsa College","Guru Nanak Khalsa College","GUR-239889"
"rituphanse69@gmail.com","Ritu Mayur Phanse","9930304438","Somaiya Vidyavihar University - S.K. Somaiya College","KJ Somaiya College","SKS-981092"
"diyanarvekar66@gmail.com","Diya Narvekar","8652805453","Sydenham College of Commerce and Economics","Sydenham College","SYD-944302"
"rohankushwaha07032007@gmail.com","Rohan kushwaha","7208311901","Sydenham College of Commerce and Economics","Sydenham College","SYD-562081"
"rs8268063@gmail.com","Rakhi Sharma","9082408627","Bedekar College","BEDEKAR COLLEGE","BED-366690"
"1989champadevichaudhary@gmail.com","Arjunkumar magaram Choudhary","7738226080","Guru Nanak Khalsa College","Guru Nanak Khalsa College","GUR-548910"
"manswibhalekar03@gmail.com","Manswi bhalekar","8169615692","Sydenham College of Commerce and Economics","Sydenham College","SYD-996880"
"jenilunadkat2008@gmail.com","Jenil Unadkat","8980380802","Guru Nanak Khalsa College","Guru Nanak Khalsa College","GUR-891979"
"namanatanna@gmail.com","Tanna Naman Atulkumar Bhavnaben","9904640256","Guru Nanak Khalsa College","Guru Nanak Khalsa College","GUR-565738"
"maithilimbhosale11@gmail.com","MAITHILI M BHOSALE","8097867634","Somaiya Vidyavihar University - S.K. Somaiya College","KJ Somaiya College","SKS-660366"
"mithishaparab@gmail.com","Mithisha Parab","8879616178","Guru Nanak Khalsa College","Guru Nanak Khalsa College","GUR-991078"
"nalawadesanika447@gmail.com","Nalawade Sanika Deepak Vandana","7977210722","Guru Nanak Khalsa College","Guru Nanak Khalsa College","GUR-914432"
"hemantshinde448@gmail.com","Hemant Shinde","7045954961","Guru Nanak Khalsa College","Guru Nanak Khalsa College","GUR-626133"
"nehahshahe21@gmail.com","Jemin gunjan shah","9321247772","Somaiya Vidyavihar University - S.K. Somaiya College","KJ Somaiya College","SKS-476555"
"arsiwalamohammed6@gmail.com","Mohammed Arsiwala","8657828751","Somaiya Vidyavihar University - S.K. Somaiya College","KJ Somaiya College","SKS-551180"
"shaikhameenuddin70391@gmail.com","Shaikh sadiq ameenuddin shahabuddin","9619979667","Guru Nanak Khalsa College","Guru Nanak Khalsa College","GUR-620484"
"g26.mayur.mahendrapillai@gnkhalsa.edu.in","Mayur Pillai","9769534404","Guru Nanak Khalsa College","Guru Nanak Khalsa College","GUR-924277"
"shlokverma042@gmail.com","Verma Shlok Rajesh Sangeeta","9026897988","Guru Nanak Khalsa College","Guru Nanak Khalsa College","GUR-402216"
"krupavkanade16@gmail.com","Krupa Vishwajit Kanade","9190762972","Guru Nanak Khalsa College","Guru Nanak Khalsa College","GUR-416903"
"harshitaaapandeyyy@gmail.com","Harshita N Pandey","9372110437","Somaiya Vidyavihar University - S.K. Somaiya College","KJ Somaiya College","SKS-223818"
"poojapatil260808@gmail.com","Pooja Patil","7058423885","Bhartiya Vidyapeeth","BHARTIYA VIDYAPEETH","BHA-647614"
"vaishnnavi769@gmail.com","Vaishnavi sutar","7710898759","Guru Nanak Khalsa College","Guru Nanak Khalsa College","GUR-906595"
"siddhinegi2326@gmail.com","siddhi negi","9619674893","Sydenham College of Commerce and Economics","Sydenham College","SYD-995050"
"bikashmaity164@gmail.com","Maity Ankit Bikash Tumpa","7208427205","Guru Nanak Khalsa College","Guru Nanak Khalsa College","GUR-853880"
"vedika.wadekar0708@gmail.com","Vedika Wadekar","9028146668","Guru Nanak Khalsa College","Guru Nanak Khalsa College","GUR-880016"
"arnavkadam868@gmail.com","Kadam Arnav Santosh Sejal","8369750715","Guru Nanak Khalsa College","Guru Nanak Khalsa College","GUR-979160"
"maheshsirvi212008@gmail.com","Choudhary mahesh babulal pushpa","7045135238","Guru Nanak Khalsa College","Guru Nanak Khalsa College","GUR-148190"
"arnavchorat@gmail.com","Arnav Chorat","8369805093","Guru Nanak Khalsa College","Guru Nanak Khalsa College","GUR-688480"
"yatalwarshivraj@gmail.com","Yatalwar Shivraj Ashok Ambika","9757108566","Guru Nanak Khalsa College","Guru Nanak Khalsa College","GUR-874845"
"sarveshagambhir@gmail.com","Gambhir Sarvesha Rajesh Ruchita","8779123154","Guru Nanak Khalsa College","Guru Nanak Khalsa College","GUR-579368"
"venkatakrishna.iyer17@gmail.com","Venkatakrishna Iyer","9429574434","Guru Nanak Khalsa College","Guru Nanak Khalsa College","GUR-771206"
"vanshu23.shinde@gmail.com","Shinde Vanshika shankar varsha","8291048610","Guru Nanak Khalsa College","Guru Nanak Khalsa College","GUR-435876"
"pranittripathi64@gmail.com","Pranit Tripathi","9820492969","Guru Nanak Khalsa College","Guru Nanak Khalsa College","GUR-832877"
"vaishnavikelaskar915@gmail.com","Vaishnavi Prashant Kelaskar","9653444867","Guru Nanak Khalsa College","Guru Nanak Khalsa College","GUR-956965"
"dniharaling@gmail.com","Nihar Aling","9136886613","Guru Nanak Khalsa College","Guru Nanak Khalsa College","GUR-738167"
"g26.krishiv.sahilkathe@gnkhalsa.edu.in","Krishiv Sahil Kathe","9702650873","Guru Nanak Khalsa College","Guru Nanak Khalsa College","GUR-593809"
"nishalisunchu@gmail.com","Nishali Sunchu","8097264788","Guru Nanak Khalsa College","Guru Nanak Khalsa College","GUR-699899"
"roshnimohammedismailshaikh@gmail.com","Shaik Roshni Mohammed Ismail nadiya","7506372011","Guru Nanak Khalsa College","Guru Nanak Khalsa College","GUR-437130"
"elmausmani382@gmail.com","Usmani Elma Mohd Rashid Mehnaz","9653467108","Guru Nanak Khalsa College","Guru Nanak Khalsa College","GUR-487337"
"shivamyadav91375@gmail.com","SHIVAM R YADAV","8356963809","Somaiya Vidyavihar University - S.K. Somaiya College","KJ Somaiya College","SKS-930428"
"mokshajaindm0701@gmail.com","Moksha Jain","8928300124","KES Shroff College of Arts & Commerce","KES Shroff College","KS-ZYFOXI"
"ankiii815@gmail.com","Ankita Sharma","8169649392","Guru Nanak Khalsa College","Guru Nanak Khalsa College","GUR-753140"
"bhagyashreepal738@gmail.com","Bhagyashree Pal","8451843446","Guru Nanak Khalsa College","Guru Nanak Khalsa College","GUR-277577"
"neelmanojthosar@gmail.com","Neel Thosar","9930214244","Bedekar College","BEDEKAR COLLEGE","BED-614006"
"pragyayadav8899@gmail.com","Yadav Pragya Rakesh Rama","9082182054","Guru Nanak Khalsa College","Guru Nanak Khalsa College","GUR-299236"
"bhatianavjyotsingh13@gmail.com","Bhatia Navjyot Singh Amarjeet Singh Raj Kour","7977107776","Guru Nanak Khalsa College","Guru Nanak Khalsa College","GUR-357419"
"aksharaprabhu60@gmail.com","Akshara Shridhar  Prabhu","8591122879","Guru Nanak Khalsa College","Guru Nanak Khalsa College","GUR-972087"
"divyamorabia14@gmail.com","Divya Morabia","8879707224","Somaiya Vidyavihar University - S.K. Somaiya College","KJ Somaiya College","SKS-102521"
"trivediprachi628@gmail.com","TRIVEDI PRACHI ANIL SHOBHA","8419916877","Guru Nanak Khalsa College","Guru Nanak Khalsa College","GUR-395364"
"ishwar.borade008@gmail.com","Aryan Borade","8591067288","Somaiya Vidyavihar University - S.K. Somaiya College","KJ Somaiya College","SKS-679472"
"prachisangare34@gmail.com","Prachi Sangare","8879096053","Guru Nanak Khalsa College","Guru Nanak Khalsa College","GUR-554615"
"swati.gajare@somaiya.edu","SWATI G GAJARE","7208574075","Somaiya Vidyavihar University - S.K. Somaiya College","KJ Somaiya College","SKS-374439"
"vedsawantstake@gmail.com","Ved Sawant","8850619495","Guru Nanak Khalsa College","Guru Nanak Khalsa College","GUR-287313"
"khanaayan00111@gmail.com","Aayan S Khan","8356908527","Somaiya Vidyavihar University - S.K. Somaiya College","KJ Somaiya College","SKS-905894"
"pranjal.kadam@somaiya.edu","Pranjal H Kadam","9224333575","Somaiya Vidyavihar University - S.K. Somaiya College","KJ Somaiya College","SKS-572824"
"pearlnisar2410@gmail.com","Pearl.Nisar","8850924392","Somaiya Vidyavihar University - S.K. Somaiya College","KJ Somaiya College","SKS-655011"
"rajyuvrajpawar28@gmail.com","Raj Pawar","9137380585","Somaiya Vidyavihar University - S.K. Somaiya College","KJ Somaiya College","SKS-800087"
"g26.pratiksha.sanjaysingh@gnkhalsa.edu.in","Singh Pratiksha Sanjay Chanda","9167532744","Guru Nanak Khalsa College","Guru Nanak Khalsa College","GUR-898053"
"g26.archie.deepaksingh@gnkhalsa.edu.in","Singh Archie Deepak Leela","9833923434","Guru Nanak Khalsa College","Guru Nanak Khalsa College","GUR-369769"
"saibandre18@gmail.com","Sai R Bandre","8356974287","Somaiya Vidyavihar University - S.K. Somaiya College","KJ Somaiya College","SKS-939706"
"g26.aditya.dilipjaiswal@gnkhalsa.edu.in","Jaiswal Aditya Dilip Neelam","9004495562","Guru Nanak Khalsa College","Guru Nanak Khalsa College","GUR-509049"
"meetpanchal1810@gmail.com","Meet Panchal","7506691251","Somaiya Vidyavihar University - S.K. Somaiya College","KJ Somaiya College","SKS-962329"
"darbha.sangle@gmail.com","Darbha Sangle","7400080265","Guru Nanak Khalsa College","Guru Nanak Khalsa College","GUR-812985"
"g26.bikramjeetsingh.dharmindersinghkapoor@gnkhalsa.edu.in","Kapoor Bikramjeet singh Dharminder Singh Gurdeep kaur","8828335031","Guru Nanak Khalsa College","Guru Nanak Khalsa College","GUR-163730"
"yashumohite92@gmail.com","Mohite Yashashri Sachin Bhakti","9619694447","Guru Nanak Khalsa College","Guru Nanak Khalsa College","GUR-651705"
"dhwaniwalke@gmail.com","Dhwani Gurudatta Walke","9930522276","Somaiya Vidyavihar University - S.K. Somaiya College","KJ Somaiya College","SKS-293868"
"krishnarajpurohit2312@gmail.com","Krishna Rajpurohit","8976637429","Somaiya Vidyavihar University - S.K. Somaiya College","KJ Somaiya College","SKS-538189"
"mayuri22012011@gmail.com","Mayuri.S. Chettiar","9920944830","Somaiya Vidyavihar University - S.K. Somaiya College","KJ Somaiya College","SKS-962828"
"vikrantutge@gmail.com","Vikrant Utge","8793824583","Bhartiya Vidyapeeth","BHARTIYA VIDYAPEETH","BHA-615405"
"raviwxyz05@gmail.com","Ravi Singh","9867094044","SIWS","SIWS","SIW-964274"
"sahbazkhan9990@gmail.com","Khan Shahebaz jamaluddin","9653639204","SIWS","SIWS","SIW-162490"
"devam.p@somaiya.edu","Devam Patel","9004834723","Somaiya Vidyavihar University - S.K. Somaiya College","KJ Somaiya College","SKS-237557"
"komal834765@gmail.com","Komal Sujaram Choudhary","8425039705","Somaiya Vidyavihar University - S.K. Somaiya College","KJ Somaiya College","SKS-605123"
"bridgetedsouza5@gmail.com","Bridget Dsouza","9975122719","Sydenham College of Commerce and Economics","Sydenham College","SYD-401264"
"krupaltukadiya02@gmail.com","Krupal Tukadiya","7021924766","Somaiya Vidyavihar University - S.K. Somaiya College","KJ Somaiya College","SKS-621111"
"aryan.sonip2628@ves.ac.in","Aryan Soni","8305399141","Vivekanand Education Society","VES","VES-775483"
"yash.v.kokane@gmail.com","Yash vinayak kokane","9082823110","Guru Nanak Khalsa College","Guru Nanak Khalsa College","GUR-999265"
"nikhilj544152@gmail.com","Nikhil Jaiswal","9860183170","Sydenham College of Commerce and Economics","Sydenham College","SYD-547716"
"devalkhandeka@gmail.com","DEVAL KHANDEKA","9326950200","Somaiya Vidyavihar University - S.K. Somaiya College","KJ Somaiya College","SKS-653266"
"jahnavinair2512@gmail.com","Jahnavi Nair","9892658720","Guru Nanak Khalsa College","Guru Nanak Khalsa College","GUR-208217"
"guptavyuvika@gmail.com","Yuvika Gupta","8779360702","Guru Nanak Khalsa College","Guru Nanak Khalsa College","GUR-853355"
"sonawanesoham44@gmail.com","Soham Sonawane","8149824837","Somaiya Vidyavihar University - S.K. Somaiya College","KJ Somaiya College","SKS-462566"
"goutamhansdah2409@gmail.com","GOUTAM HANSDAH","8799283399","RGIT","RGIT","RGI-614976"
"laraibtanki22@gmail.com","Laraib Tanki","8450905608","RGIT","RGIT","RGI-322720"
"csalmani986@gmail.com","Shoyab Nisar Ahmed Salmani","9920283634","Somaiya Vidyavihar University - S.K. Somaiya College","KJ Somaiya College","SKS-105217"
"omkesharwani1660@gmail.com","Om Kesharwani","7020735553","Bedekar College","BEDEKAR COLLEGE","BED-976407"
"nasrinx786@gmail.com","Mansuri Nasrin Sammi Meena","9867391557","Bedekar College","BEDEKAR COLLEGE","BED-235226"
"janavithakare31@gmail.com","Janavi Gambhir","7558468652","Bedekar College","BEDEKAR COLLEGE","BED-349051"
"thakkarmahek1407@gmail.com","Mahek Thakkar","8454094862","Somaiya Vidyavihar University - S.K. Somaiya College","KJ Somaiya College","SKS-518256"
"pratibha291210@gmail.com","PRATIBHA SHARMA","9867864273","Somaiya Vidyavihar University - S.K. Somaiya College","KJ Somaiya College","SKS-569824"
"sujalmore960@gmail.com","SUJAL MORE","8104683357","Guru Nanak Khalsa College","Guru Nanak Khalsa College","GUR-834396"
"varadsalvi36@gmail.com","Varad R salvi","9136372877","Somaiya Vidyavihar University - S.K. Somaiya College","KJ Somaiya College","SKS-644910"
"gypsyvisaria552010@gmail.com","Gypsy Visaria","8160017493","Somaiya Vidyavihar University - S.K. Somaiya College","KJ Somaiya College","SKS-867430"
"sachijain2710@gmail.com","Sachi Jain","9699930270","Somaiya Vidyavihar University - S.K. Somaiya College","KJ Somaiya College","SKS-869657"
"taskeenansari146@gmail.com","Ansari Taskeen Rizwan Nilofar","9022803977","SIWS","SIWS","SIW-380761"
"nshivshankar217@gmail.com","N shreedevi dora","8369838650","Somaiya Vidyavihar University - S.K. Somaiya College","KJ Somaiya College","SKS-590797"
"nishujangid436@gmail.com","Bhavesh suthar","7977401625","Somaiya Vidyavihar University - S.K. Somaiya College","KJ Somaiya College","SKS-510277"
"mishrajanhvi32@gmail.com","Mishra Jhanvi Kamlesh Sadhna","8291393066","SIWS","SIWS","SIW-257562"
"rituwankhade479@gmail.com","WANKHADE RITU RATNAPAL","9702833913","SIWS","SIWS","SIW-225889"
"stuti.shinde5333@gmail.com","Stuti suresh shinde","8097856949","Bhartiya Vidyapeeth","BHARTIYA VIDYAPEETH","BHA-345032"
"ayushreemg25@yahoo.com","Ayushree Ghaitadkar","7755949948","Bhartiya Vidyapeeth","BHARTIYA VIDYAPEETH","BHA-666784"
"44neha9th@gmail.com","Sav neha vasudev","8591066134","Bhartiya Vidyapeeth","BHARTIYA VIDYAPEETH","BHA-784790"
"namira.fk@somaiya.edu","Namira Faisal Khan","7304642970","Somaiya Vidyavihar University - S.K. Somaiya College","KJ Somaiya College","SKS-248024"
"kasturir301@gmail.com","Swarangee Digambar Raut","9152761237","Bhartiya Vidyapeeth","BHARTIYA VIDYAPEETH","BHA-812990"
"dg5417597@gmail.com","Disha Gupta","8591525578","Somaiya Vidyavihar University - S.K. Somaiya College","KJ Somaiya College","SKS-790018"
"urvi.jadhav@somaiya.edu","Urvi jadhav","7977856049","Somaiya Vidyavihar University - S.K. Somaiya College","KJ Somaiya College","SKS-430519"
"kpranali074@gmail.com","Pranali Kadam","7758884737","Bhartiya Vidyapeeth","BHARTIYA VIDYAPEETH","BHA-874756"
"modakadeena@gmail.com","Adeena Modak","9867706869","Bhartiya Vidyapeeth","BHARTIYA VIDYAPEETH","BHA-516975"
"jainamj318@gmail.com","Jainam Jain","8355967933","Somaiya Vidyavihar University - S.K. Somaiya College","KJ Somaiya College","SKS-974078"
"jainampatel016@gmail.com","Jainam Patel","9869993893","Somaiya Vidyavihar University - S.K. Somaiya College","KJ Somaiya College","SKS-117564"
"aakanshanishad10@gmail.com","Aakanksha Nishad","8850382049","BK BIRLA COLLEGE","BK BIRLA COLLEGE","BKB-942800"
"gunjansorte763@gmail.com","Gunjan Sorte","9326627749","Somaiya Vidyavihar University - S.K. Somaiya College","KJ Somaiya College","SKS-939486"
"gloriadsouzaxoxo@gmail.com","Gloria V Dsouza","9867845526","Somaiya Vidyavihar University - S.K. Somaiya College","KJ Somaiya College","SKS-382546"
"karanihetvi241@gmail.com","Hetvi Mukesh karani","7387446795","KES Shroff College of Arts & Commerce","KES Shroff College","KS-FQ6NQO"
"captainrakesh83@gmail.com","Sonam Sharma","9594177254","Somaiya Vidyavihar University - S.K. Somaiya College","KJ Somaiya College","SKS-688732"
"ayangfrzhcdtigdujc@gmail.com","Aayan Sanaver shaikh","8779976732","SIWS","SIWS","SIW-429252"
"gawandeswamiraj8@gmail.com","Swamiraj Gawande","9405921845","Bhartiya Vidyapeeth","BHARTIYA VIDYAPEETH","BHA-322349"
"nazreen.sayyed@somaiya.edu","Nazreen ashfak sayyed","8850130071","Somaiya Vidyavihar University - S.K. Somaiya College","KJ Somaiya College","SKS-520960"
"panchalnirali909@gmail.com","NIRALI  M. PANCHAL","8652468591","Somaiya Vidyavihar University - S.K. Somaiya College","KJ Somaiya College","SKS-230553"
"sameershah06082007@gmail.com","Sameer Shah","8657808384","SIWS","SIWS","SIW-369678"
"guptapriya9320@gmail.com","Priya G Gupta","8591573499","Somaiya Vidyavihar University - S.K. Somaiya College","KJ Somaiya College","SKS-295276"
"y39012671@gmail.com","Yuvraj pawade","9146359109","Somaiya Vidyavihar University - S.K. Somaiya College","KJ Somaiya College","SKS-599686"
"rehanmhaldar510@gmail.com","Mohammad Rehan ayyub mhaldar","8010403825","Bhartiya Vidyapeeth","BHARTIYA VIDYAPEETH","BHA-117612"
"bhadrayashvi10@gmail.com","Yashvi  M Bhadra","9136791880","Somaiya Vidyavihar University - S.K. Somaiya College","KJ Somaiya College","SKS-347134"
"srushtibandekar11@gmail.com","Srushti Bandekar","7715817770","Bhartiya Vidyapeeth","BHARTIYA VIDYAPEETH","BHA-834610"
"bidwaishrawani22@gmail.com","Shrawani Bidwai","9833648377","Bhartiya Vidyapeeth","BHARTIYA VIDYAPEETH","BHA-685169"
"anushkadandekar29@gmail.com","Anushka Dandekar","7709169592","Bhartiya Vidyapeeth","BHARTIYA VIDYAPEETH","BHA-991395"
"dhrutii2010@gmail.com","Dhrutii D Pabari","9157892971","Somaiya Vidyavihar University - S.K. Somaiya College","KJ Somaiya College","SKS-583941"
"drushtigawde08@gmail.com","Drushti Pradip Gawde","8928533781","Kirti College","KIRTI COLLEGE","KIR-107509"
"arjun.choudhary@somaiya.edu","Arjun Choudhary","8097950111","Somaiya Vidyavihar University - S.K. Somaiya College","KJ Somaiya College","SKS-683552"
"nayakadvika8@gmail.com","Advika Nayak","9869319691","Somaiya Vidyavihar University - S.K. Somaiya College","KJ Somaiya College","SKS-654957"
"radnyiigaikwad@gmail.com","Radnyi Gaikwad","8879498298","Somaiya Vidyavihar University - S.K. Somaiya College","KJ Somaiya College","SKS-366663"
"kamaliyaaayush@gmail.com","Aayush Kamaliya","9769194422","Somaiya Vidyavihar University - S.K. Somaiya College","KJ Somaiya College","SKS-200685"
"rushikeshdhuri15@gmail.com","RUSHIKESH V DHURI","7738081508","Somaiya Vidyavihar University - S.K. Somaiya College","KJ Somaiya College","SKS-594720"
"yashphutak3128@gmail.com","Yash Sandeep Phutak","8591852550","Kirti College","KIRTI COLLEGE","KIR-272093"
"aaryanparab0207@gmail.com","Aaryan Parab","7506292383","Somaiya Vidyavihar University - S.K. Somaiya College","KJ Somaiya College","SKS-984415"
"handejanhavi4@gmail.com","Hande Janhavi Ganesh Gayatri","9326385808","Guru Nanak Khalsa College","Guru Nanak Khalsa College","GUR-285796"
"neharawat2172024@gmail.com","Rawat neha narendra kalpeshwari","8104418337","Guru Nanak Khalsa College","Guru Nanak Khalsa College","GUR-105966"
"amitkapase77@gmail.com","Amit kapase","9130108385","VJTI","VJTI","VJT-663336"
"chinmayrawo@gmail.com","Chinmay rajan rawool","9529340250","BK BIRLA COLLEGE","BK BIRLA COLLEGE","BKB-183650"
"moralerohit20@gmail.com","Rohit Morale","7385278568","VJTI","VJTI","VJT-839167"
"pathrikaraditya76@gmail.com","Aditya Pathrikar","9765447447","VJTI","VJTI","VJT-920369"
"parthbhagwat20.7.23@gmail.com","Parth sanjay bhagwat","7620255762","Bhartiya Vidyapeeth","BHARTIYA VIDYAPEETH","BHA-837677"
"swamini0704@gmail.com","Swamini Shinde","7066913040","Bhartiya Vidyapeeth","BHARTIYA VIDYAPEETH","BHA-806955"
"jatinsharma8562@gmail.com","Jatin Sharma","9220049222","Bhartiya Vidyapeeth","BHARTIYA VIDYAPEETH","BHA-255992"
"tanishqp0501@gmail.com","Tanishq Pashte","9225338687","Bhartiya Vidyapeeth","BHARTIYA VIDYAPEETH","BHA-135391"
"khushighorpade6@gmail.com","Khushi Laxman Ghorpade","9867319858","Bhartiya Vidyapeeth","BHARTIYA VIDYAPEETH","BHA-699007"
"bhatirohit749@gmail.com","Rohit bhati","7977238412","BK BIRLA COLLEGE","BK BIRLA COLLEGE","BKB-129686"
"dicholkarkshipra101@gmail.com","Kshipra Harshal Dicholkar","8454848109","Bhartiya Vidyapeeth","BHARTIYA VIDYAPEETH","BHA-589414"
"samtilekar22@gmail.com","Samruddhi Tilekar","9607232217","Bhartiya Vidyapeeth","BHARTIYA VIDYAPEETH","BHA-799801"
"sayyadbushra204@gmail.com","BUSHRA  MOHAMMAD HANIF SAYYAD","9834236068","VJTI","VJTI","VJT-146014"
"vijaykapadi46@gmail.com","Vijay Kapadi","8805797243","VJTI","VJTI","VJT-198297"
"suvicharb26@gmail.com","SUVICHAR ASHOK BANSOD","9623344691","VJTI","VJTI","VJT-571103"
"sehajpreetkaurmunday@gmail.com","Sehajpreet Kaur Munday","8104662987","Guru Nanak Khalsa College","Guru Nanak Khalsa College","GUR-705034"
"ameydheple04@gmail.com","Dheple Amey Karbhari","9423392559","VJTI","VJTI","VJT-920205"
"saumyaatyagi06@gmail.com","Saumya Tyagi","9149105427","Bhartiya Vidyapeeth","BHARTIYA VIDYAPEETH","BHA-360192"
"sutkarsh487@gmail.com","Utkarsh Singh","7517662962","VJTI","VJTI","VJT-637441"
"akanksha17042008@gmail.com","Akanksha Kumari","9004888377","BK BIRLA COLLEGE","BK BIRLA COLLEGE","BKB-106715"
"shreyashpatil1226@gmail.com","Shreyash Sharad Patil","9892657990","Bhartiya Vidyapeeth","BHARTIYA VIDYAPEETH","BHA-525032"
"hnacharekar_b25@me.vjti.ac.in","Harsh Nilesh Acharekar","9137140822","VJTI","VJTI","VJT-408674"
"nap140708@gmail.com","Nidheesh","9321808650","Bhartiya Vidyapeeth","BHARTIYA VIDYAPEETH","BHA-545483"
"moonmayank032@gmail.com","Mayank Moon","8484940808","VJTI","VJTI","VJT-430802"
"sanskarpatil9333@gmail.com","Sanskar Patil","9185104080","Bhartiya Vidyapeeth","BHARTIYA VIDYAPEETH","BHA-627358"
"harshitatambadkar@gmail.com","Harshita Santosh Tambadkar","7709574734","Bhartiya Vidyapeeth","BHARTIYA VIDYAPEETH","BHA-825742"
"shivamnayak220@gmail.com","Shivam Kumar Nayak","9769627062","SIWS","SIWS","SIW-408282"
"garudananya2710@gmail.com","Ananya Ramesh Garud","9167217671","Bhartiya Vidyapeeth","BHARTIYA VIDYAPEETH","BHA-263369"
"ishanviwakode@gmail.com","Ishanvi Manish Wakode","7058676199","Bhartiya Vidyapeeth","BHARTIYA VIDYAPEETH","BHA-570789"
"snehayd1344@gmail.com","Sneha kumari","8108408255","Bhartiya Vidyapeeth","BHARTIYA VIDYAPEETH","BHA-432589"
"arshad1326653@gmail.com","ARSHAD AYYUB KHAN","9702508280","SIWS","SIWS","SIW-397195"
"samyakjadhav311@gmail.com","Samyak Jadhav","9372742388","Bhartiya Vidyapeeth","BHARTIYA VIDYAPEETH","BHA-386972"
"sani.040709@gmail.com","Sani Ingle","9403529765","Bhartiya Vidyapeeth","BHARTIYA VIDYAPEETH","BHA-365530"
"yashgaikar934@gmail.com","Yash Gaikar","8446661194","BK BIRLA COLLEGE","BK BIRLA COLLEGE","BKB-113466"
"shaikhjabbi725@gmail.com","Mohammad Zabiullah Shaikh","9930881407","SIWS","SIWS","SIW-537434"
"rhythmpandit48@gmail.com","Rhythm Bhushan Pandit","8692916207","Bhartiya Vidyapeeth","BHARTIYA VIDYAPEETH","BHA-537747"
"tanmay.s.shinde2008@gmail.com","Tanmay Sanjay Shinde","9326187289","Bhartiya Vidyapeeth","BHARTIYA VIDYAPEETH","BHA-616104"
"alokmsoni2@gmail.com","Alok Soni","9324404745","Vivekanand Education Society","VES","VES-788557"
"vsah74364@gmail.com","Vijay Sah","9321212600","Bhartiya Vidyapeeth","BHARTIYA VIDYAPEETH","BHA-587376"
"vaibhav.ratreyp2628@ves.ac.in","Vaibhav Ratre","9340097422","Vivekanand Education Society","VES","VES-557552"
"shivamkumar.sonip2628@ves.ac.in","Shivam Kumar Soni","7607922269","Vivekanand Education Society","VES","VES-986879"
"shreyasingh30500@gmail.com","Shreya Bhupendra Singh","9819607476","SIWS","SIWS","SIW-251565"
"sanikakopre08@gmail.com","Sanika Sachin Kopre","7058696128","Bhartiya Vidyapeeth","BHARTIYA VIDYAPEETH","BHA-441863"
"pranitakhollam0@gmail.com","Pranita Khollam","9321405125","Kirti College","KIRTI COLLEGE","KIR-140316"
"k69232768@gmail.com","PareeChaurasiya","9137985975","SIWS","SIWS","SIW-304368"
"ubhangare32@gmail.com","Uday Bhangare","8591327062","RGIT","RGIT","RGI-827379"
"jatingchambeti2008@gmail.com","JATIN GANGADHAR CHAMBETI","9930575848","SIWS","SIWS","SIW-332783"
"yerunkarswara17@gmail.com","Swara Yerunkar","9930693537","RGIT","RGIT","RGI-192851"
"sonam80mumbai@gmail.com","Sonam suman jha","8097453760","SIWS","SIWS","SIW-539870"
"simaranjha2005@gmail.com","SIMRAN SUMAN JHA","7208628917","SIWS","SIWS","SIW-363065"
"prachitabirje6@gmail.com","Prachita Birje","9082748319","RGIT","RGIT","RGI-133929"
"princeguptak8766@gmail.com","Prince Guota","7045191326","SIWS","SIWS","SIW-246813"
"krishabdar@gmail.com","Krish Abdar","9004455082","RGIT","RGIT","RGI-544207"
"yuvraj2006.19@gmail.com","Yuvraj Chavan","7738491719","RGIT","RGIT","RGI-599845"
"ilhaamkarjikar26@gmail.com","Ilhaam Karjikar","7506304153","Bhartiya Vidyapeeth","BHARTIYA VIDYAPEETH","BHA-369771"
"charvibhanji@gmail.com","Charvi bhanji","7718007366","RGIT","RGIT","RGI-727888"
"shyam.mundhra27@gmail.com","Shyam Mundhra","9022476290","RGIT","RGIT","RGI-819682"
"falakbibi643@gmail.com","Falak Naaz Roshan Khan","8850159027","SIWS","SIWS","SIW-839097"
"sp234140@gmail.com","Seema Patil","9892825164","Bhartiya Vidyapeeth","BHARTIYA VIDYAPEETH","BHA-588877"
"swastikrajverma11@gmail.com","Swastik Raj Verma","9451060700","BK BIRLA COLLEGE","BK BIRLA COLLEGE","BKB-845207"
"kharateshreya715@gmail.com","Shreya Raju Kharate","7058001564","Bhartiya Vidyapeeth","BHARTIYA VIDYAPEETH","BHA-753997"
"shreyyaa875@gmail.com","Shreya Sonawane","9321394611","BK BIRLA COLLEGE","BK BIRLA COLLEGE","BKB-542026"
"kriyaborana14@gmail.com","Kriya Borana","8591357793","KES Shroff College of Arts & Commerce","KES Shroff College","KS-CVQ7FP"
"maurya.ankita2007@gmail.com","Maurya Ankita Rajesh","8591906656","Bhartiya Vidyapeeth","BHARTIYA VIDYAPEETH","BHA-276391"
"akankshatemkar18@gmail.com","Akanksha Gajanan Temkar","9699619680","Bhartiya Vidyapeeth","BHARTIYA VIDYAPEETH","BHA-319859"
"paivaishak08@gmail.com","Vaishak Pai","8591413075","Bhartiya Vidyapeeth","BHARTIYA VIDYAPEETH","BHA-719006"
"kpranali334@gmail.com","Pranali kamble","7558772507","Bhartiya Vidyapeeth","BHARTIYA VIDYAPEETH","BHA-785634"
"trisharajput.1209@gmail.com","Trisha Rajput","8369896977","Bhartiya Vidyapeeth","BHARTIYA VIDYAPEETH","BHA-399159"
"aryakarve07@gmail.com","Arya Karve","9021359686","Bhartiya Vidyapeeth","BHARTIYA VIDYAPEETH","BHA-982411"
"pbhalchandra692@gmail.com","Bhalchandra Patil","9266097660","Bhartiya Vidyapeeth","BHARTIYA VIDYAPEETH","BHA-950685"
"hargudenidhi997@gmail.com","Nidhi Hargude","7350025345","Bhartiya Vidyapeeth","BHARTIYA VIDYAPEETH","BHA-530404"
"durvakshipatil24@gmail.com","Patil Durvakshi Dilip","9423091285","Bhartiya Vidyapeeth","BHARTIYA VIDYAPEETH","BHA-835273"
"dharmessssuthar@gmail.com","Dharmesh Kishor Suthar","9820605335","Bhartiya Vidyapeeth","BHARTIYA VIDYAPEETH","BHA-442358"
"kaushalhulawale77@gmail.com","Kaushal Arvind Hulawale","9653271210","Bhartiya Vidyapeeth","BHARTIYA VIDYAPEETH","BHA-985799"
"hchavan2103@gmail.com","HARSHDEEP BABURAO CHAVAN","9890427582","Bhartiya Vidyapeeth","BHARTIYA VIDYAPEETH","BHA-381996"
"as7026634@gmail.com","Aditya sandesh shinde","9765510855","Bhartiya Vidyapeeth","BHARTIYA VIDYAPEETH","BHA-363181"
"ttannnagl@gmail.com","Shruti Pradip Jankar","7208240118","Bhartiya Vidyapeeth","BHARTIYA VIDYAPEETH","BHA-937547"
"fatimanigarr@gmail.com","Fatima Nigar","7428620983","Bhartiya Vidyapeeth","BHARTIYA VIDYAPEETH","BHA-725918"
"alamfaiz786098@gmail.com","Faiz Alam","9572025971","Bhartiya Vidyapeeth","BHARTIYA VIDYAPEETH","BHA-300546"
"amrutasawant1980@gmail.com","Sawant Ayushi Amit Amruta","8928276540","Guru Nanak Khalsa College","Guru Nanak Khalsa College","GUR-433600"
"sanchitasomkuwar55@gmail.com","Sanchita Somkuwar","9307491983","Bhartiya Vidyapeeth","BHARTIYA VIDYAPEETH","BHA-153435"
"piyushaayush0987@gmail.com","Piyush Madhav Tripathi","8928698747","SIWS","SIWS","SIW-913958"
"mugdhashinde849@gmail.com","Mugdha shinde","8010574705","BK BIRLA COLLEGE","BK BIRLA COLLEGE","BKB-220124"
"sharimsiddiqui827@gmail.com","Mohd Sharim Zahir Siddique","9594900334","BK BIRLA COLLEGE","BK BIRLA COLLEGE","BKB-598274"
"garimayadav26118@gmail.com","Garima yadav","9987375191","BK BIRLA COLLEGE","BK BIRLA COLLEGE","BKB-631333"
"mansitiwari9156@gmail.com","Maansi balraam tiwari","9326611948","SIWS","SIWS","SIW-110608"
"gourakshsonar5@gmail.com","Gouraksh Manoj Sonar","9970522995","KES Shroff College of Arts & Commerce","KES Shroff College","KS-YXD14Q"
"saumyashinde2105@gmail.com","Saumya Shinde","8291053824","RA Podar College","RA PODAR COLLEGE","RAP-699117"
"thoratsanskruti03@gmail.com","Sanskruti Sunil Thorat","9372368595","BK BIRLA COLLEGE","BK BIRLA COLLEGE","BKB-507957"
"sakshikokane0@gmail.com","Sakshi Kokane","8888181954","RGIT","RGIT","RGI-896635"
"surajchaudhary182007@gmail.com","SURAJ POONARAM CHAUDHARI","8828463683","BK BIRLA COLLEGE","BK BIRLA COLLEGE","BKB-462875"
"csumit8691@gmail.com","Sumit Chauhan","8591504670","RGIT","RGIT","RGI-801188"
"poonamchoure2004@gmail.com","Poonam Vikram Choure","9881342838","RGIT","RGIT","RGI-885245"
"inayatgazi25@gmail.com","Inayat Irfan Gazi","7021002963","SIWS","SIWS","SIW-780583"
"sy406927@gmail.com","YADAV SHIVAM SHUBHKARAN","9264921872","RGIT","RGIT","RGI-299470"
"stiwari8511@gmail.com","Sneha Tiwari","7021932427","Kirti College","KIRTI COLLEGE","KIR-562558"
"samyakkamblemumbai0007@gmail.com","Samyak Kamble","8976187115","Guru Nanak Khalsa College","Guru Nanak Khalsa College","GUR-248837"
"bhoirtanish21@gmail.com","Tanish Dattaram Bhoir","9892754667","RGIT","RGIT","RGI-755029"
"patilchaitra158@gmail.com","Chaitra Yogesh Patil","7887937323","RGIT","RGIT","RGI-386342"
"7080nitinrai@gmail.com","NITIN RAI","7080911687","SIWS","SIWS","SIW-286900"
"devendrasolanki2301@gmail.com","Devendra Solanki","8879286712","RGIT","RGIT","RGI-690798"
"prembamania8@gmail.com","Prem Bamania","9321659459","RGIT","RGIT","RGI-131927"
"vedangkolapate745@gmail.com","Vedang Kolapate","9372935380","RGIT","RGIT","RGI-802246"
"madiha2758@gmail.com","MADIHA MASOOD AHMED SHAIKH","9892882758","SIWS","SIWS","SIW-931331"
"manthanwalavalkar@gmail.com","Manthan Walavalkar","9930433989","RGIT","RGIT","RGI-349672"
"tech02527@gmail.com","Ankit Singh","9324859765","SIWS","SIWS","SIW-809119"
"pandeypratik1108@gmail.com","Pandey Pratik Ramchandra","8097786242","Guru Nanak Khalsa College","Guru Nanak Khalsa College","GUR-601428"
"shrutikauthale@gmail.com","Shrutika shankar uthale","8108004572","RGIT","RGIT","RGI-156513"
"zoiipxtel@gmail.com","ZOYA SHAKEEL PATEL","9820414909","SIWS","SIWS","SIW-180179"
"patilpratham590@gmail.com","Pratham Patil","8850705660","RGIT","RGIT","RGI-436304"
"sudhirjaiswal1123@gmail.com","Jaiswal sudhir rakesh","8591391547","SIWS","SIWS","SIW-888275"
"palakjain181106@gmail.com","Palak Sanjay Jain","9321032577","RGIT","RGIT","RGI-717006"
"dsingh272009@gmail.com","Dev Singh","8779360507","BK BIRLA COLLEGE","BK BIRLA COLLEGE","BKB-443432"
"chaurasiyasoni210@gmail.com","Soni sakaldeep kumari","8092375248","SIWS","SIWS","SIW-224332"
"sahanashitole45@gmail.com","Sahana Shyam Shitole","8329575741","RGIT","RGIT","RGI-336938"
"ayushrajeshirke83@gmail.com","Aayush Ankush Rajeshirke","8830820291","RGIT","RGIT","RGI-295864"
"aadeshmanjare5500@gmail.com","Aadesh Sandeep Manjare","8149275470","RGIT","RGIT","RGI-646999"
"nishantmahajan454@gmail.com","Nishant Sameer Mahajan","8291565978","RGIT","RGIT","RGI-730091"
"iamrehanshaikh007@gmail.com","REHAN Mansoori","9987399197","SIWS","SIWS","SIW-718179"
"abhishekathipoo2008@gmail.com","Abhishek Athipoo Nadar","7977515282","SIWS","SIWS","SIW-411287"
"laskarsabana847@gmail.com","Sabana Lashkar","8828992470","SIWS","SIWS","SIW-563409"
"prashantchetiar@gmail.com","Prashant Chettiar","7039447495","SIWS","SIWS","SIW-513768"
"kashishsoni3690@gmail.com","Kashish soni","9407868728","Vivekanand Education Society","VES","VES-125531"
"nutanvankalas383@gmail.com","Nutan Suresh Vankalas","8767983126","RGIT","RGIT","RGI-842645"
"tanishqengg24@gmail.com","Tanishq Dodiya","9136817894","RGIT","RGIT","RGI-317988"
"mahishaik567@gmail.com","Shaik Abdal Rahman Mahi","7899403775","RGIT","RGIT","RGI-941094"
"zainabpadaya69@gmail.com","Zainab padaya","9867863566","RGIT","RGIT","RGI-800917"
"joshisakshi1204@gmail.com","Sakshi Joshi","9769310169","RGIT","RGIT","RGI-145977"
"riteshkamble0503@gmail.com","Ritesh Kamble","8668847180","RGIT","RGIT","RGI-676384"
"kabirpatel1310@gmail.com","KABIR PATEL","9372558499","RGIT","RGIT","RGI-113289"
"vedantnannaware@gmail.com","Vedant Nannaware","7620534243","RGIT","RGIT","RGI-936784"
"adityabendal16@gmail.com","Aditya Ganesh Bendal","9004705513","RGIT","RGIT","RGI-594513"
"dassoumit905@gmail.com","Soumit Das","7738033129","RGIT","RGIT","RGI-503815"
"mohdfaizanshaikh2006@gmail.com","Mohammad Faizan Shaikh","8779476766","RGIT","RGIT","RGI-900443"
"sereaa191@gmail.com","REYHA SINGH","8828308842","RGIT","RGIT","RGI-224650"
"jinansh1710@gmail.com","Chheda Jinansh Rahul","9152013704","Mithibai College of Arts, Chauhan Institute of Science & Amrutben Jivanlal College of Commerce & Economics","Mithibai College","MIT-117522"
"palakpokal09@gmail.com","Palak Bharat Pokal","9152715192","KES Shroff College of Arts & Commerce","KES Shroff College","KS-XW71JB"
"jiyadipeshrana2021@gmail.com","Jiya rana","9653405831","KES Shroff College of Arts & Commerce","KES Shroff College","KS-58D8Y5"
"krutikabhawsar138@gmail.com","Krutika Bhupendra Bhawsar","9324421501","BK BIRLA COLLEGE","BK BIRLA COLLEGE","BKB-422972"
"sakpaljanu07@gmail.com","Janhavi Sakpal","9324867792","BK BIRLA COLLEGE","BK BIRLA COLLEGE","BKB-536373"
"dineshprajapatiop4@gmail.com","Dinesh Prajapati","9326436147","BK BIRLA COLLEGE","BK BIRLA COLLEGE","BKB-242502"
"kp9833532820@gmail.com","PARMAR KRISHNA KISHOR","9137304507","KES Shroff College of Arts & Commerce","KES Shroff College","KS-BG71ZB"
"kanchan.jauharip2628@ves.ac.in","Kanchan jauhari","8601151979","Vivekanand Education Society","VES","VES-980672"
"janhvijadhav88@gmail.com","Janhavi Jadhav","9769587858","BK BIRLA COLLEGE","BK BIRLA COLLEGE","BKB-754189"
"shriyashruti.sahup2628@ves.ac.in","Shriya Shruti Sahu","7999521238","Vivekanand Education Society","VES","VES-820192"
"avni.jhawarp2628@ves.ac.in","Avni jhawar","9294605857","Vivekanand Education Society","VES","VES-224661"
"shriyahruti.sahup2628@ves.ac.in","Shriya Shruti Sahu","7999521238","Vivekanand Education Society","VES","VES-691262"
"shindesharvari32@gmail.com","Sharvari Shinde","8850382049","BK BIRLA COLLEGE","BK BIRLA COLLEGE","BKB-397497"
"aryzpatel2007@gmail.com","Arya patel","9987157464","RGIT","RGIT","RGI-784804"
"pranitbane7@gmail.com","Pranit bane","8691951275","Kirti College","KIRTI COLLEGE","KIR-764095"
"nafisapardawala5@gmail.com","Pardawala Nafisa Mustufa","9004896453","Mithibai College of Arts, Chauhan Institute of Science & Amrutben Jivanlal College of Commerce & Economics","Mithibai College","MIT-101216"
"aarohiwadekar@gmail.com","Wadekar Aarohi Prashant","7208118298","Bhavan's College","BHAVANS COLLEGE","BHA-292587"
"vedant.lakhan.24.3@gmail.com","Vedant Lakhan","7715837224","Bhavan's College","BHAVANS COLLEGE","BHA-635254"
"darshpatel2105@gmail.com","Darsh Patel","8169893366","KES Shroff College of Arts & Commerce","KES Shroff College","KS-OUE7CL"
"aryankamble640@gmail.com","Aryan kamble","8355866198","Guru Nanak Khalsa College","Guru Nanak Khalsa College","GUR-506687"
"dikshant0605@gmail.com","Kadam dikshant santosh sushma","7304326270","Guru Nanak Khalsa College","Guru Nanak Khalsa College","GUR-934356"
"hnmalwande@gmail.com","Harshal Nitin  Malwande","9209095887","RGIT","RGIT","RGI-875215"
"omtadase55@gmail.com","Om Tadase","7066511386","RGIT","RGIT","RGI-864393"
"rutujaparab07082007@gmail.com","Rutuja parab","9309408750","RGIT","RGIT","RGI-287551"
"yashikabhalerao5@gmail.com","Bhalerao  Yashika Avinash","8108396194","Guru Nanak Khalsa College","Guru Nanak Khalsa College","GUR-853497"
"shubhambhai2938@gmail.com","Yadav shubham shivdas","7900051929","KES Shroff College of Arts & Commerce","KES Shroff College","KS-R09DSJ"
"vrushi0106@gmail.com","Rushi Vyas","9665766286","KES Shroff College of Arts & Commerce","KES Shroff College","KS-E6K6F9"
"ronakmaniar69@gmail.com","Ronak Maniar","9082542072","KES Shroff College of Arts & Commerce","KES Shroff College","KS-2WFU14"
"justjheel30@gmail.com","Jheel Gala","9426861346","KES Shroff College of Arts & Commerce","KES Shroff College","KS-FM1QWG"
"fioni.jhaveri@gmail.com","Fioni Jhaveri","9076076999","Guru Nanak Khalsa College","Guru Nanak Khalsa College","GUR-553733"
"bhoomijaiswal58@gmail.com","Bhoomi jaiswal","9326074229","Guru Nanak Khalsa College","Guru Nanak Khalsa College","GUR-231532"
"nprajay81@gmail.com","Nikam Prajay Pravin Jayshree","8591850349","Guru Nanak Khalsa College","Guru Nanak Khalsa College","GUR-813379"
"sumitrarajpurohit689@gmail.com","Rajpurohit sumitra mangilal shanti","8452036342","Guru Nanak Khalsa College","Guru Nanak Khalsa College","GUR-387850"
"zk8661761@gmail.com","Zoya Khan","7738757411","Guru Nanak Khalsa College","Guru Nanak Khalsa College","GUR-739015"
"ayushhmore18@gmail.com","Ayush More","7972395662","Bhavan's College","BHAVANS COLLEGE","BHA-754922"
"thrieel@gmail.com","Riya Pawar","7304599622","Bhavan's College","BHAVANS COLLEGE","BHA-422291"
"atharvaajadhav01@gmail.com","Atharva Jadhav","7208642309","Guru Nanak Khalsa College","Guru Nanak Khalsa College","GUR-735596"
"falakmunfaidali@gmail.com","Falak ali","9137787042","Bhavan's College","BHAVANS COLLEGE","BHA-609220"
"kanishkajadhav90@gmail.com","Kanishka Sagar  Jadhav","8459787151","KES Shroff College of Arts & Commerce","KES Shroff College","KS-OCFNQX"
"dhakasamay66@gmail.com","Samay dhaka","6378697040","H.R. College of Commerce & Economics","HR College","HRC-130750"
"anishnagarji12@gmail.com","Anish Nagarji","9987741872","Sydenham College of Commerce and Economics","Sydenham College","SYD-261545"
"ishasawant447@gmail.com","Isha Sawant","7304769607","Guru Nanak Khalsa College","Guru Nanak Khalsa College","GUR-626028"
"bhuvanvaid7780@gmail.com","Bhuvan Vaid","7780887978","KES Shroff College of Arts & Commerce","KES Shroff College","KS-WY9AS0"
"jaindaksh378@gmail.com","Daksh jain","9967459603","H.R. College of Commerce & Economics","HR College","HRC-142134"
"kamblesamiksha68312@gmail.com","samiksha kamble","8850241432","Guru Nanak Khalsa College","Guru Nanak Khalsa College","GUR-569245"
"tanvigurav2408@gmail.com","Tanvi Rakesh Gurav","8591071408","Guru Nanak Khalsa College","Guru Nanak Khalsa College","GUR-686322"
"vaidehichaughule61@gmail.com","Chaughule Vaidehi Vikas Vishakha","9324057104","Guru Nanak Khalsa College","Guru Nanak Khalsa College","GUR-511550"
"aksharabaste89@gmail.com","Akshara Harishchandra","9930202557","Guru Nanak Khalsa College","Guru Nanak Khalsa College","GUR-713091"
"shubhammaurya.sm08@gmail.com","Shubham maurya","8108459873","Guru Nanak Khalsa College","Guru Nanak Khalsa College","GUR-835406"
"abhijeetvikhare@gmail.com","VIKHARE AARYA ABHIJIT AARTI","9326498938","Guru Nanak Khalsa College","Guru Nanak Khalsa College","GUR-313083"
"jashparasjhaveri6@gmail.com","Jash Jhaveri","9820862423","H.R. College of Commerce & Economics","HR College","HRC-109158"
"pandeyshivshankar002@gmail.com","BHAVIKA PANDEY","7208738151","Sydenham College of Commerce and Economics","Sydenham College","SYD-719162"
"4sydneys@gmail.com","Shivam Jha","8433650874","Sydenham College of Commerce and Economics","Sydenham College","SYD-859361"
"ayushirsingh2008@gmail.com","Singh aayushi ramesh sandhya","9136976300","Guru Nanak Khalsa College","Guru Nanak Khalsa College","GUR-513512"
"aditirsingh2008@gmail.com","Aditi singh","9702649875","Guru Nanak Khalsa College","Guru Nanak Khalsa College","GUR-903761"
"moazzamansari766732@gmail.com","Moazzam ansari","7667321545","Guru Nanak Khalsa College","Guru Nanak Khalsa College","GUR-230044"
"ps9502233@gmail.com","Pankaj Sharma","7506764268","Guru Nanak Khalsa College","Guru Nanak Khalsa College","GUR-822807"
"palakwani2007@gmail.com","Palak Wani","9137977607","Mithibai College of Arts, Chauhan Institute of Science & Amrutben Jivanlal College of Commerce & Economics","Mithibai College","MIT-480153"
"mugdhajadhav180@gmail.com","Mugdha Jadhav","8291346474","Guru Nanak Khalsa College","Guru Nanak Khalsa College","GUR-809938"
"sayyedfr77@gmail.com","Sayyed Firdos Rafique Gultaj","9321983730","Guru Nanak Khalsa College","Guru Nanak Khalsa College","GUR-662448"
"aaliyakhan9820.7@gmail.com","Aliya Khan","8169347756","Guru Nanak Khalsa College","Guru Nanak Khalsa College","GUR-543709"
"shreyatunkal00@gmail.com","Shreya Tunkal","9833154781","Guru Nanak Khalsa College","Guru Nanak Khalsa College","GUR-622709"
"shravanihande2@gmail.com","Shravani Hande","8828588237","Guru Nanak Khalsa College","Guru Nanak Khalsa College","GUR-129318"
"shifasayed205@gmail.com","sayyed shifa akbar hussain","8655118818","Guru Nanak Khalsa College","Guru Nanak Khalsa College","GUR-621568"
"ansh.ambre@1508gmail.com","Ansh ambre","8169491195","Guru Nanak Khalsa College","Guru Nanak Khalsa College","GUR-353577"
"shravanigharkar12@gmail.com","Gharkar Shravani Ganpat Prajakta","7021306110","Guru Nanak Khalsa College","Guru Nanak Khalsa College","GUR-174650"
"ayezachoudhary0711@gmail.com","Choudhary Shabnam babu Hussain Shahida Choudhary","7304089048","Guru Nanak Khalsa College","Guru Nanak Khalsa College","GUR-855656"
"simranvishwakarma64536@gmail.com","Vishwakarma Simran Rajesh","9969490362","Guru Nanak Khalsa College","Guru Nanak Khalsa College","GUR-736732"
"joannajosee@gmail.com","Jose Joanna Jose Ansa","9326500678","Guru Nanak Khalsa College","Guru Nanak Khalsa College","GUR-618877"
"shravanishinde649@gmail.com","Shravani Jyotiba Shinde","9321725091","Guru Nanak Khalsa College","Guru Nanak Khalsa College","GUR-894106"
"pawanjadhav2809@gmail.com","Pawan Arun Jadhav","9326099035","Guru Nanak Khalsa College","Guru Nanak Khalsa College","GUR-105418"
"rudraasersia@gmail.com","Rudraa Sersia","8928853037","Guru Nanak Khalsa College","Guru Nanak Khalsa College","GUR-736854"
"rawalhinal28@gmail.com","Hinal rawal","9521146462","Guru Nanak Khalsa College","Guru Nanak Khalsa College","GUR-180935"
"pritpalsingh2504@gmail.com","Pritpal Singh Bhuller","8329966358","Guru Nanak Khalsa College","Guru Nanak Khalsa College","GUR-880023"
"kaurresham1129@gmail.com","Sudan Resham kaur jitendra singh gurmit kaur","9324136608","Guru Nanak Khalsa College","Guru Nanak Khalsa College","GUR-471919"
"ishika.malviya297@gmail.com","Ishika Malviya","9977297055","Guru Nanak Khalsa College","Guru Nanak Khalsa College","GUR-626646"
"dhanavaderashi@gmail.com","Rashi Pramod Dhanavade","8828038165","Guru Nanak Khalsa College","Guru Nanak Khalsa College","GUR-773874"
"indreshy5250@gmail.com","Yadav Indresh","9136061935","Guru Nanak Khalsa College","Guru Nanak Khalsa College","GUR-348719"
"khanumair2124@gmail.com","khan Umer Noor ahmed","9321241088","Guru Nanak Khalsa College","Guru Nanak Khalsa College","GUR-645189"
"manjerekarmayuresh@gmail.com","Mayuresh Sachin Manjerekar","7021606356","Kirti College","KIRTI COLLEGE","KIR-225930"
"gursimarbanga78@gmail.com","Gursimar kaur banga","9769197562","Guru Nanak Khalsa College","Guru Nanak Khalsa College","GUR-485722"
"rasikamabhyankar07@gmail.com","Rasika Abhyankar","8291735464","Kirti College","KIRTI COLLEGE","KIR-577280"
"janvichavan2007@gmail.com","Janvi Chavan","9082033122","Guru Nanak Khalsa College","Guru Nanak Khalsa College","GUR-870465"
"gajanandnadar07@gmail.com","NADAR GAJANAND BALAKRISHNAN PUSHPAM","8169050608","Guru Nanak Khalsa College","Guru Nanak Khalsa College","GUR-811277"
"suya101319@gmail.com","Suraj Chauhan","9867304752","Guru Nanak Khalsa College","Guru Nanak Khalsa College","GUR-371411"
"ashwinibhawat482@gmail.com","Ashwini bhawat","8824298569","Guru Nanak Khalsa College","Guru Nanak Khalsa College","GUR-167696"
"gaudharshita05@gmail.com","Harshita Gaud","9082039348","Guru Nanak Khalsa College","Guru Nanak Khalsa College","GUR-940693"
"zeeshankhan121217@gmail.com","Zeeshan khan","7506263831","Guru Nanak Khalsa College","Guru Nanak Khalsa College","GUR-155700"
"janviodal21@gmail.com","Janvi odal","8369670399","Guru Nanak Khalsa College","Guru Nanak Khalsa College","GUR-242207"
"asifsk2056@gmail.com","Shaikh asif ayyub gulista","8693886925","Guru Nanak Khalsa College","Guru Nanak Khalsa College","GUR-978278"
"pomaramchoudhary225@gmail.com","Dilip pomaram choudhary","8591830978","Guru Nanak Khalsa College","Guru Nanak Khalsa College","GUR-607647"
"riyaghussar2@gmail.com","Riya Ghussar","8850896250","Guru Nanak Khalsa College","Guru Nanak Khalsa College","GUR-961888"
"rakeshkhorwal509@gmail.com","Rakesh Khorwal","8108308493","Guru Nanak Khalsa College","Guru Nanak Khalsa College","GUR-849865"
"bhaveshpandey260@gmail.com","Bhavesh Pandey","8828073414","Vivekanand Education Society","VES","VES-143423"
"snehasajjan57@gmail.com","Sneha Anil Sajjan","8422050276","Guru Nanak Khalsa College","Guru Nanak Khalsa College","GUR-862868"
"samikshabote002@gmail.com","Samiksha Kiran Bote","8291310608","Guru Nanak Khalsa College","Guru Nanak Khalsa College","GUR-245055"
"sharmatanushree291@gmail.com","Tanushree sharma","7304691015","Guru Nanak Khalsa College","Guru Nanak Khalsa College","GUR-844179"
"janhvihiranandani5a18@gmail.com","Janhvi Bharat Hiranandani","8452038954","Mithibai College of Arts, Chauhan Institute of Science & Amrutben Jivanlal College of Commerce & Economics","Mithibai College","MIT-690378"
"sufiyanrafiq69@gmail.com","Sufiyan rafiq","7977471919","Guru Nanak Khalsa College","Guru Nanak Khalsa College","GUR-428331"
"upadhyaykritika466@gmail.com","Kritika Upadhyay","9372177353","Guru Nanak Khalsa College","Guru Nanak Khalsa College","GUR-702527"
"balmikideepika0@gmail.com","Balmiki Deepika Manoj Babli","8657214947","Guru Nanak Khalsa College","Guru Nanak Khalsa College","GUR-154621"
"mehankdaga2007@gmail.com","Daga Mehank Anirudh Ruchi","9324788945","Guru Nanak Khalsa College","Guru Nanak Khalsa College","GUR-644902"
"shaikharshiya1208@gmail.com","Shaikh arsiya","8108312431","Guru Nanak Khalsa College","Guru Nanak Khalsa College","GUR-721272"
"sevougamer91@gmail.com","Abhik Singh","7319118114","Guru Nanak Khalsa College","Guru Nanak Khalsa College","GUR-618691"
"kejaljain46@gmail.com","Kejal jain","9004083484","Guru Nanak Khalsa College","Guru Nanak Khalsa College","GUR-670416"
"bharajchanpreetkaur@gmail.com","Chanpreet Kaur Bharaj","9167451968","Guru Nanak Khalsa College","Guru Nanak Khalsa College","GUR-671079"
"shashwat.ojhap2628@ves.ac.in","Shashwat ojha","7355774973","Vivekanand Education Society","VES","VES-132843"
"abhishekrushi.onmalap2628@ves.ac.in","Onmala Abhishek Rushi","6301929851","Vivekanand Education Society","VES","VES-124543"
"iqragolandaz123@gmail.com","Iqra golandaz","8852063939","Guru Nanak Khalsa College","Guru Nanak Khalsa College","GUR-360640"
"bushramohdsoyabs@gmail.com","Shaikh Bushra Mohammed soyeb","7021448034","Guru Nanak Khalsa College","Guru Nanak Khalsa College","GUR-151023"
"fauziashahid354@gmail.com","Aaisha khan","7039948357","Guru Nanak Khalsa College","Guru Nanak Khalsa College","GUR-359677"
"janhavichandure13@gmail.com","Janhavi Chandure","9421751861","Guru Nanak Khalsa College","Guru Nanak Khalsa College","GUR-346037"
"jagdaleaarya@gmail.com","JAGDALE AARYA PRADEEP KALYANI","8369867435","Guru Nanak Khalsa College","Guru Nanak Khalsa College","GUR-520344"
"sisodiyanikhil523@gmail.com","Nikhil sisodiya","7039208030","Guru Nanak Khalsa College","Guru Nanak Khalsa College","GUR-423076"
"sarkogaming9@gmail.com","Suraj chauhan","9867304752","Guru Nanak Khalsa College","Guru Nanak Khalsa College","GUR-382207"
"lucifervenom778@gmail.com","Sayyed farhan faiz","8591541796","Guru Nanak Khalsa College","Guru Nanak Khalsa College","GUR-208319"
"preethi4820@gmail.com","Gowda Preethi Manju Pallavi","8828687838","Guru Nanak Khalsa College","Guru Nanak Khalsa College","GUR-759598"
"omdhokre84@gmail.com","Om Dhokre","8976698082","Kirti College","KIRTI COLLEGE","KIR-669340"
"kambleprathamesh182@gmail.com","Prathamesh kamble","8591273334","Kirti College","KIRTI COLLEGE","KIR-637648"
"sarahhsayedd17@gmail.com","Sayed Sarah","9987433679","Guru Nanak Khalsa College","Guru Nanak Khalsa College","GUR-482281"
"ri.ti.ka210210@gmail.com","Ritika Prakash Boricha","9370019471","KES Shroff College of Arts & Commerce","KES Shroff College","KS-KMV0KX"
"riyamg1013@gmail.com","Riya Gupta","9653301331","Guru Nanak Khalsa College","Guru Nanak Khalsa College","GUR-414075"
"deepanshu2892008@gmail.com","SINGH DEEPANSHU MANOJ REKHA","8850927600","Guru Nanak Khalsa College","Guru Nanak Khalsa College","GUR-525169"
"archanagupta42008@gmail.com","Archana Gupta","7420893732","KES Shroff College of Arts & Commerce","KES Shroff College","KS-FGBQO8"
"theriddhibhardwaj@gmail.com","Riddhi Bhardwaj","8097321694","KES Shroff College of Arts & Commerce","KES Shroff College","KS-E5G4P0"
"saurabh86525@gmail.com","Saurabh singh karki","8652526533","Guru Nanak Khalsa College","Guru Nanak Khalsa College","GUR-107280"
"adityasuradkar23@icloud.com","Aditya Satish Suradkar","8446194986","Sydenham College of Commerce and Economics","Sydenham College","SYD-989075"
"shouryaksingh2008@gmail.com","Shourya Kanhaiya Singh","9004824334","KES Shroff College of Arts & Commerce","KES Shroff College","KS-VOQU5G"
"aryarishi132@gmail.com","Rishi Arya","9076187089","Guru Nanak Khalsa College","Guru Nanak Khalsa College","GUR-976875"
"rishiarunkumarsingh462@gmail.com","Singh Rishi arunkumar mamta","8928481392","Guru Nanak Khalsa College","Guru Nanak Khalsa College","GUR-448182"
"saquibchaudhary71@gmail.com","Saquib Chaudhary","8169368442","Guru Nanak Khalsa College","Guru Nanak Khalsa College","GUR-903845"
"pankhudisahu67@gmail.com","Pankhudi Sahu","7700040113","Mithibai College of Arts, Chauhan Institute of Science & Amrutben Jivanlal College of Commerce & Economics","Mithibai College","MIT-386335"
"azmajavedmansuri@gmail.com","Mansuri Azma Javed Samira","9820577638","Guru Nanak Khalsa College","Guru Nanak Khalsa College","GUR-269956"
"kavyachaubey87@gmail.com","Kavya Chaubey","9320457304","Guru Nanak Khalsa College","Guru Nanak Khalsa College","GUR-622890"
"khushigupta081200@gmail.com","Gupta Khushi Rakesh Garima","8828030812","Guru Nanak Khalsa College","Guru Nanak Khalsa College","GUR-849505"
"khannoorjahan790@gmail.com","Khan shireen","9967950227","Guru Nanak Khalsa College","Guru Nanak Khalsa College","GUR-676145"
"sgsujalgupta04@gmail.com","Gupta Sujal Santosh Savitri","7385351172","Guru Nanak Khalsa College","Guru Nanak Khalsa College","GUR-557573"
"isha04180@gmail.com","Gupta Isha Rajeev Durga","8210188804","Guru Nanak Khalsa College","Guru Nanak Khalsa College","GUR-431864"
"jabezfernandes7@gmail.com","Jabez Fernandes","9594375015","Kirti College","KIRTI COLLEGE","KIR-669796"
"guptapriya0703@gmail.com","Priya Jayram Gupta","7045510415","KES Shroff College of Arts & Commerce","KES Shroff College","KS-4W442L"
"meenurjangle@gmail.com","Jangle meenakshi jangle","9892910148","Kirti College","KIRTI COLLEGE","KIR-469727"
"kanchansahani1423@gmail.com","Kanchan mithlesh sahani","8530848422","KES Shroff College of Arts & Commerce","KES Shroff College","KS-9FG384"
"diveshraut16@gmail.com","Divesh raut","9372427905","Kirti College","KIRTI COLLEGE","KIR-824394"
"bhatkarswanandi@gmail.com","Swanandi Bhatkar","8879381686","KES Shroff College of Arts & Commerce","KES Shroff College","KS-GUXDAK"
"bhuvadmansvi160@gmail.com","Manasvi Santosh bhuvad","9372375164","Kirti College","KIRTI COLLEGE","KIR-779102"
"tanvimatkar67@gmail.com","Tanvi matkar","7718090250","Kirti College","KIRTI COLLEGE","KIR-313488"
"pratiksaroj77@gmail.com","PRATIK SAROJ","9320618195","Mithibai College of Arts, Chauhan Institute of Science & Amrutben Jivanlal College of Commerce & Economics","Mithibai College","MIT-805317"
"ishaangoyal656@gmail.com","Ishaan Goyal","8077160205","Mithibai College of Arts, Chauhan Institute of Science & Amrutben Jivanlal College of Commerce & Economics","Mithibai College","MIT-540282"
"shaikhaltaf.200214@gmail.com","Altaf Shaikh","8928989769","Kirti College","KIRTI COLLEGE","KIR-115539"
"riyashahhh123@gmail.com","Riya Shah","9082777213","KES Shroff College of Arts & Commerce","KES Shroff College","KS-KIGTFJ"
"diyadarji31@gmail.com","Diya Darji","9326760435","KES Shroff College of Arts & Commerce","KES Shroff College","KS-T6TVMD"
"akshatsrt@gmail.com","Akshat Agarwal","6353070550","Mithibai College of Arts, Chauhan Institute of Science & Amrutben Jivanlal College of Commerce & Economics","Mithibai College","MIT-125372"
"yeshvidedhi@gmail.com","Yeshvi Dedhia","8169142699","KES Shroff College of Arts & Commerce","KES Shroff College","KS-A22OEC"
"captainkabir2009@gmail.com","Kabir Shaikh","8097028808","Mithibai College of Arts, Chauhan Institute of Science & Amrutben Jivanlal College of Commerce & Economics","Mithibai College","MIT-937959"
"kaurwakee19@gmail.com","Kaurwakee vasitha","9167821979","Mithibai College of Arts, Chauhan Institute of Science & Amrutben Jivanlal College of Commerce & Economics","Mithibai College","MIT-709345"
"palk93946@gmail.com","Jay Rajesh Pal","8652690384","KES Shroff College of Arts & Commerce","KES Shroff College","KS-8OC4P5"
"dhruvsharmaytchannel@gmail.com","DHRUV SHARMA","9987035909","Mithibai College of Arts, Chauhan Institute of Science & Amrutben Jivanlal College of Commerce & Economics","Mithibai College","MIT-814951"
"ananyasamdani1@gmail.com","Ananya Samdani","9511518522","Mithibai College of Arts, Chauhan Institute of Science & Amrutben Jivanlal College of Commerce & Economics","Mithibai College","MIT-513558"
"sharmasaoumya@gmail.com","Saoumya Deepak Sharma","9815238456","KES Shroff College of Arts & Commerce","KES Shroff College","KS-6WLIDV"
"chaudharysidra084@gmail.com","Sidra Chaudhary","7738596455","KES Shroff College of Arts & Commerce","KES Shroff College","KS-IGD9CV"
"paridhijain267@gmail.com","Jain Paridhi Naresh Kumar","7603875893","Mithibai College of Arts, Chauhan Institute of Science & Amrutben Jivanlal College of Commerce & Economics","Mithibai College","MIT-798319"
"jinglebhatt@gmail.com","Jingle Bhatt","9987605200","Mithibai College of Arts, Chauhan Institute of Science & Amrutben Jivanlal College of Commerce & Economics","Mithibai College","MIT-255468"
"sharmakaran6156@gmail.com","Karan raj sharma","9930856145","KES Shroff College of Arts & Commerce","KES Shroff College","KS-EMR3UH"
"shrishtii0612@gmail.com","Shrishti Chaurasia","9819779427","KES Shroff College of Arts & Commerce","KES Shroff College","KS-U06HWF"
"rudraranpariya5@gmail.com","Rudra Ranpariya","9324797067","KES Shroff College of Arts & Commerce","KES Shroff College","KS-UQB8C0"
"bhuvad.saniti@gmail.com","Saniti bhuvad","9137341672","Sydenham College of Commerce and Economics","Sydenham College","SYD-264884"
"jaiswarsoni200@gmail.com","Jaiswar soni parshuram","9004644357","Kirti College","KIRTI COLLEGE","KIR-363564"
"asharbhumi27@gmail.com","Ashar Bhumi Ashish","9326684217","Mithibai College of Arts, Chauhan Institute of Science & Amrutben Jivanlal College of Commerce & Economics","Mithibai College","MIT-668222"
"bhagatnisha216@gmail.com","Nisha ramashish bhagat","9833192078","Kirti College","KIRTI COLLEGE","KIR-552437"
"sunnykanojiya435@gmail.com","Sunny kanojiya","8779271199","Kirti College","KIRTI COLLEGE","KIR-320545"
"shubhamghuge844@gmail.com","Shubham Ghuge","9821268078","KES Shroff College of Arts & Commerce","KES Shroff College","KS-TIMUWS"
"nishantpal620@gmail.com","Nishant Anil Pal","9082104350","KES Shroff College of Arts & Commerce","KES Shroff College","KS-ZNOQSP"
"desaidarsh1903@gmail.com","Desai Darshan Hamesh","9790330104","Mithibai College of Arts, Chauhan Institute of Science & Amrutben Jivanlal College of Commerce & Economics","Mithibai College","MIT-119078"
"neelbhanji14@gmail.com","Neel Pramod Bhanji","9167078752","Bhavan’s College","BHAVANS COLLEGE","BHA-269434"
"samujadhav464@gmail.com","Jadhav Samikshya Sandeep","8108282947","Bhavan’s College","BHAVANS COLLEGE","BHA-711547"
"nidhisi2810singh@gmail.com","Nidhisi Singh","9137991946","Mithibai College of Arts, Chauhan Institute of Science & Amrutben Jivanlal College of Commerce & Economics","Mithibai College","MIT-241747"
"nikitamaisa120@gmail.com","Nikita Masis","8652003327","KES Shroff College of Arts & Commerce","KES Shroff College","KS-LIBV4V"
"moremugdha11@gmail.com","Mugdha More","9987854882","Sydenham College of Commerce and Economics","Sydenham College","SYD-187483"
"kamathharine16@gmail.com","Harine Kamath","7710938680","Sydenham College of Commerce and Economics","Sydenham College","SYD-403714"
"prashantnarale141009@gmail.com","Prashant Mallikarjun Narale","9503487220","Sydenham College of Commerce and Economics","Sydenham College","SYD-428743"
"priyammishra809@gmail.com","Priya Manoj Mishra","9370063052","Sydenham College of Commerce and Economics","Sydenham College","SYD-714470"
"deeshajani01@gmail.com","Deesha Jani","9769623387","KES Shroff College of Arts & Commerce","KES Shroff College","KS-FEJQPN"
"nachranikangana@gmail.com","Kangana Nachrani","7247787151","Mithibai College of Arts, Chauhan Institute of Science & Amrutben Jivanlal College of Commerce & Economics","Mithibai College","MIT-681441"
"vedieka9007@gmail.com","Vedieka Pratik Patel","9227490000","Mithibai College of Arts, Chauhan Institute of Science & Amrutben Jivanlal College of Commerce & Economics","Mithibai College","MIT-130105"
"adityadounde0@gmail.com","ADITYA ANAND DOUNDE","8691861866","KES Shroff College of Arts & Commerce","KES Shroff College","KS-MDNS5H"
"kabanidhyey1010@gmail.com","Kabani Dhyey Mehul","8356988505","Mithibai College of Arts, Chauhan Institute of Science & Amrutben Jivanlal College of Commerce & Economics","Mithibai College","MIT-875037"
"team1anveshka@gmail.com","Anveshka","8273994955","Mithibai College of Arts, Chauhan Institute of Science & Amrutben Jivanlal College of Commerce & Economics","Mithibai College","MIT-454769"
"savlavivaan@gmail.com","Vivaan Savla","8355851071","Mithibai College of Arts, Chauhan Institute of Science & Amrutben Jivanlal College of Commerce & Economics","Mithibai College","MIT-529995"
"shonjanjire01@gmail.com","JANJIRE SHON SANJEEV","8850059524","Mithibai College of Arts, Chauhan Institute of Science & Amrutben Jivanlal College of Commerce & Economics","Mithibai College","MIT-350119"
"darshsmavani07@gmail.com","DARSH S MAVANI","8301873935","Mithibai College of Arts, Chauhan Institute of Science & Amrutben Jivanlal College of Commerce & Economics","Mithibai College","MIT-912092"
"navyanair2511@gmail.com","Navya Santosh Nair","8450980577","Mithibai College of Arts, Chauhan Institute of Science & Amrutben Jivanlal College of Commerce & Economics","Mithibai College","MIT-542398"
"purnaura@gmail.com","Aura Bhattacharya","8960888588","Mithibai College of Arts, Chauhan Institute of Science & Amrutben Jivanlal College of Commerce & Economics","Mithibai College","MIT-734485"
"siddhiagarwal108@gmail.com","Siddhi Agarwal","8928311981","Mithibai College of Arts, Chauhan Institute of Science & Amrutben Jivanlal College of Commerce & Economics","Mithibai College","MIT-300010"
"577.anu@gmail.com","ANAMIKA ABHIMANYU BHARTI","9112392992","Mithibai College of Arts, Chauhan Institute of Science & Amrutben Jivanlal College of Commerce & Economics","Mithibai College","MIT-755287"
"tapeksha95@gmail.com","paridhi thakur","8955913545","Mithibai College of Arts, Chauhan Institute of Science & Amrutben Jivanlal College of Commerce & Economics","Mithibai College","MIT-935911"
"aadyayashi8@gmail.com","Yashi Aadya","7011453338","Mithibai College of Arts, Chauhan Institute of Science & Amrutben Jivanlal College of Commerce & Economics","Mithibai College","MIT-614419"
"shuktinair1205@gmail.com","Shukti Sajith Nair","9322312183","Kirti College","KIRTI COLLEGE","KIR-791989"
"rishikajain1525@gmail.com","RISHIKA JAIN","8822190538","Mithibai College of Arts, Chauhan Institute of Science & Amrutben Jivanlal College of Commerce & Economics","Mithibai College","MIT-934920"
"harshitaranka01@gmail.com","Harshita Jain","9414466055","Mithibai College of Arts, Chauhan Institute of Science & Amrutben Jivanlal College of Commerce & Economics","Mithibai College","MIT-621141"
"menguvamshika29@gmail.com","Mengu vamshika Shankar","9833213641","Mithibai College of Arts, Chauhan Institute of Science & Amrutben Jivanlal College of Commerce & Economics","Mithibai College","MIT-506097"
"sshreyaofficial07@gmail.com","Shreya Sanjay Singh","9082493089","Mithibai College of Arts, Chauhan Institute of Science & Amrutben Jivanlal College of Commerce & Economics","Mithibai College","MIT-223050"
"akshatamoree@gmail.com","Akshata More","8767953678","Sydenham College of Commerce and Economics","Sydenham College","SYD-425730"
"sameermalik0719@gmail.com","Nasima Malik","8653268388","KES Shroff College of Arts & Commerce","KES Shroff College","KS-YXHA77"
"muqeebansari62@gmail.com","Mohd Muqeeb Mohd Irfan","8856000115","KES Shroff College of Arts & Commerce","KES Shroff College","KS-05RDW7"
"kirti77150@gmail.com","Kirti Pawan Gupta","9867972469","Kirti College","KIRTI COLLEGE","KIR-173834"
"2008yash.more@gmail.com","Yash","8928473442","KES Shroff College of Arts & Commerce","KES Shroff College","KS-CNI8VA"
"mauryakeerti0@gmail.com","Keerti Maurya","8291100182","KES Shroff College of Arts & Commerce","KES Shroff College","KS-BUY4KW"
"sanapaditya038@gmail.com","Aditya Sanap","9082359611","Kirti College","KIRTI COLLEGE","KIR-691604"
"karthiknair7820@gmail.com","Karthik Nair","8921201550","Sydenham College of Commerce and Economics","Sydenham College","SYD-652716"
"hiteshc2280@gmail.com","Hitesh Choudhary","7304265184","Sydenham College of Commerce and Economics","Sydenham College","SYD-553738"
"thebanshi7575@gmail.com","Bansi Rabari","9082378993","KES Shroff College of Arts & Commerce","KES Shroff College","KS-5QN4Y0"
"shllokgandhi975@gmail.com","Shllok Gandhi","9867265159","KES Shroff College of Arts & Commerce","KES Shroff College","KS-C09BMJ"
"kanacheryakku@gmail.com","Akku Kanachery","8446845114","KES Shroff College of Arts & Commerce","KES Shroff College","KS-GA2HNI"
"mokshjain39973@gmail.com","Moksh Jain","9967299283","KES Shroff College of Arts & Commerce","KES Shroff College","KS-XIMSAE"
"blazeyy10@gmail.com","Akshat Amit Gupta","9819865238","KES Shroff College of Arts & Commerce","KES Shroff College","KS-44WNYM"
"gadadeva3@gmail.com","Deval Gada","8828136998","KES Shroff College of Arts & Commerce","KES Shroff College","KS-Q04OCK"
"hitarthpatel109@gmail.com","Hitarth Patel","9004137598","KES Shroff College of Arts & Commerce","KES Shroff College","KS-IIP7I7"
"dhruvmevada06@gmail.com","Dhruv  Mevada","8104566669","KES Shroff College of Arts & Commerce","KES Shroff College","KS-WZ81SH"
"yuktabhoir31@gmail.com","Yukta bhoir","8104947697","Sydenham College of Commerce and Economics","Sydenham College","SYD-214104"
"yadavsaniya162@gmail.com","Saniya Yadav","7208274998","KES Shroff College of Arts & Commerce","KES Shroff College","KS-0GTQMR"
"sapana4568@gmail.com","Sapna yadav","9833897385","Valia College","VALIA COLLEGE","VAL-518337"
"gohilpanth11@gmail.com","Panth Gohil","7021657275","KES Shroff College of Arts & Commerce","KES Shroff College","KS-CGHV2R"
"directedbyrehan@gmail.com","Shaikh Rehan Rahim Gulnar","9324718842","Valia College","VALIA COLLEGE","VAL-389916"
"meetkanbi592@gmail.com","Meet Harish Kanbi","7977007806","KES Shroff College of Arts & Commerce","KES Shroff College","KS-H16JQW"
"riyashah0509@gmail.com","Riya shah","8856090633","KES Shroff College of Arts & Commerce","KES Shroff College","KS-C25IVJ"
"ruchistrivedi2008@gmail.com","Ruchi Trivedi","8208168083","KES Shroff College of Arts & Commerce","KES Shroff College","KS-KTNKEO"
"jagrutimourya00@gmail.com","Jagruti vinay kumar mourya","8169306421","KES Shroff College of Arts & Commerce","KES Shroff College","KS-IAPXS3"
"rajatbehera105@gmail.com","Rajat Behera","8451067365","Valia College","VALIA COLLEGE","VAL-358299"
"sonalibhandari737@gmail.com","Bhandari Sonali Chandrakant","7977845632","KES Shroff College of Arts & Commerce","KES Shroff College","KS-FGBHNP"
"laxmi8591141885@gmail.com","Vishwakarma Laxmi Narsingh","8591141885","KES Shroff College of Arts & Commerce","KES Shroff College","KS-MZL9TQ"
"chetali0303@gmail.com","PATEL CHETALI NIMESHKUMAR","7249570648","KES Shroff College of Arts & Commerce","KES Shroff College","KS-45YMTL"
"suprabhamanna1@gmail.com","Manna Suprabha Sudip","9579325775","KES Shroff College of Arts & Commerce","KES Shroff College","KS-UT1F82"
"karishmapawar706@gmail.com","Karishma Pawar","7400157939","Sydenham College of Commerce and Economics","Sydenham College","SYD-995967"
"devyanishikhre24@gmail.com","Devyani Shikhare","9324030447","KES Shroff College of Arts & Commerce","KES Shroff College","KS-TUGLVJ"
"gudiyachoudhury0@gmail.com","Gudiya choudhary","9326766537","KES Shroff College of Arts & Commerce","KES Shroff College","KS-V64J9U"
"jethwakrisha3@gmail.com","Krisha Jethwa","8291921231","KES Shroff College of Arts & Commerce","KES Shroff College","KS-548X5G"
"devsolanki5792@gmail.com","Devkumar Solanki","8530633555","KES Shroff College of Arts & Commerce","KES Shroff College","KS-B2H3YE"
"sujatathapa1540@gmail.com","Sujata thapa","9930086405","KES Shroff College of Arts & Commerce","KES Shroff College","KS-DNRWHE"
"bhagyashreemane2008@gmail.com","Bhageshre mane","9325881657","KES Shroff College of Arts & Commerce","KES Shroff College","KS-2T1AOO"
"vishalyadava2w@gmail.com","Vishal Yadav","9136072131","KES Shroff College of Arts & Commerce","KES Shroff College","KS-L9MJBJ"
"neelbhadiadra@gmail.com","Neel Bhadiadra","9273908600","KES Shroff College of Arts & Commerce","KES Shroff College","KS-G24KA3"
"guptasagar01032@gmail.com","Sagar Gupta","7021978103","KES Shroff College of Arts & Commerce","KES Shroff College","KS-MTAFIV"
"solankigunjan34@gmail.com","GUNNJAN MANISH SOLANKI","8652036828","Valia College","VALIA COLLEGE","VAL-757943"
"jotaramd091@gmail.com","Kusum jotaram Dewasi","8007641382","Sydenham College of Commerce and Economics","Sydenham College","SYD-530610"
"khatrisaad0802@gmail.com","Mohd saad khatri","8657223356","KES Shroff College of Arts & Commerce","KES Shroff College","KS-AEFZCQ"
"muskanvmishra@gmail.com","Muskan Mishra","9321605778","KES Shroff College of Arts & Commerce","KES Shroff College","KS-U7I5PG"
"mnsrsrfrz@gmail.com","Mehtab Mansuri","9579488520","Sydenham College of Commerce and Economics","Sydenham College","SYD-129239"
"vrushtip094@gmail.com","Vrushti Mehulkumar patel","7977260696","KES Shroff College of Arts & Commerce","KES Shroff College","KS-H4CJQ4"
"devyanibhavsar0504@gmail.com","DEVYANI BHAVSAR","9076054387","KES Shroff College of Arts & Commerce","KES Shroff College","KS-6XZWQ4"
"deepikakunarapu03@gmail.com","Deepika shrinivas kunarapu","8355890615","KES Shroff College of Arts & Commerce","KES Shroff College","KS-7O55Y8"
"maniharalfeeya@gmail.com","Alfeeya Manihar","9324754475","KES Shroff College of Arts & Commerce","KES Shroff College","KS-8QAO9M"
"thakkar.r2007@gmail.com","Rishi Mayank Thakkar","9987915621","KES Shroff College of Arts & Commerce","KES Shroff College","KS-QVAVQM"
"sukanyardas07@gmail.com","Sukanya","8779690406","KES Shroff College of Arts & Commerce","KES Shroff College","KS-VLKEDX"
"nidhisha.1709@gmail.com","Nidhi Sharma","9930038451","KES Shroff College of Arts & Commerce","KES Shroff College","KS-LCQDFW"
"patelpurva299@gmail.com","Purva jignesh patel","6352402942","KES Shroff College of Arts & Commerce","KES Shroff College","KS-XO5Z62"
"dishi0725@gmail.com","Dishi lodha","8200201936","KES Shroff College of Arts & Commerce","KES Shroff College","KS-6QDFVM"
"thakkarparth990@","Parth Thakkar","9819296520","KES Shroff College of Arts & Commerce","KES Shroff College","KS-T6M2ES"
"sanghviveerti@gmail.com","Veerti sanghvi","8591406927","KES Shroff College of Arts & Commerce","KES Shroff College","KS-B9NXOF"
"shreyagandhi2207@gmail.com","Shreya Gandhi","7021355704","KES Shroff College of Arts & Commerce","KES Shroff College","KS-349M19"
"m73465429@gmail.com","Miral Gaudana","8591114840","KES Shroff College of Arts & Commerce","KES Shroff College","KS-KLFH82"
"sawantananya0@gmail.com","Ananya Sawant","9702007907","Bhavan’s College","BHAVANS COLLEGE","BHA-765902"
"ry338380@gmail.com","Simran Rakesh Yadav","8355909344","Bhavan’s College","BHAVANS COLLEGE","BHA-155602"
"reagan.crasta@gmail.com","Reagan John Crasta","9870977010","KES Shroff College of Arts & Commerce","KES Shroff College","KS-UZT41N"
"guptaayush05372@gmail.com","Ayush Gupta","8291412805","Sydenham College of Commerce and Economics","Sydenham College","SYD-967024"
"khushijaiswar553@gmail.com","Khushi Jaiswar","9920565934","Bhavan’s College","BHAVANS COLLEGE","BHA-115108"
"indudeora09@gmail.com","Indirani Deora","9082269844","KES Shroff College of Arts & Commerce","KES Shroff College","KS-DCTBGP"
"anvay.bankar@somaiya.edu","Anvay Kailash Bankar","7045983022","Somaiya Vidyavihar University - S.K. Somaiya College","KJ Somaiya College","SKS-935397"
"vibhasjadhav67@gmail.com","Vibhas jadhav","8104131266","KES Shroff College of Arts & Commerce","KES Shroff College","KS-6OMJ3U"
"charlashaurya2346@gmail.com","SHAURYA CHARLA","9768881882","KES Shroff College of Arts & Commerce","KES Shroff College","KS-M8YU62"
"kondirammanish@gmail.com","Manish Laxmi Kondiram","8097854681","KES Shroff College of Arts & Commerce","KES Shroff College","KS-H0CCZO"
"vidhivora842@gmail.com","Vidhi Vora","7359605523","KES Shroff College of Arts & Commerce","KES Shroff College","KS-5IVR5G"
"more34326@gmail.com","Ganesh more","8419905994","KES Shroff College of Arts & Commerce","KES Shroff College","KS-AT7J6I"
"dweeppatel2928@gmail.com","Dweep patel","9892515189","KES Shroff College of Arts & Commerce","KES Shroff College","KS-SIB0Q6"
"advaitkhatal160306@gmail.com","Advait Khatal","7039159313","KES Shroff College of Arts & Commerce","KES Shroff College","KS-YEMW8Q"
"manojmishra10582@gmail.com","Arya mishra","9321590785","KES Shroff College of Arts & Commerce","KES Shroff College","KS-PO3E8S"
"shaktiprakash937@gmail.com","Shakti Prakash Bhal","9875521425","KES Shroff College of Arts & Commerce","KES Shroff College","KS-XEEZBU"
"yadavpreity474@gmail.com","Preeti Yadav","7045661185","KES Shroff College of Arts & Commerce","KES Shroff College","KS-LY5I1F"
"vishnuram.v@somaiya.edu","VISHNURAM VENKATRAMAN","7021017657","Kj Somaiya College","KJ Somaiya College","KJS-923810"
"jadhavrachit27@gmail.com","Rachit Suhas Jadhav","9224682918","Sydenham College of Commerce and Economics","Sydenham College","SYD-229346"
"hemawaghela2@gmail.com","Chirag Mitesh Waghela","7600985272","KES Shroff College of Arts & Commerce","KES Shroff College","KS-GKT2J6"
"prajapatipriti12036@gmail.com","Priti Prajapati","9930705233","KES Shroff College of Arts & Commerce","KES Shroff College","KS-PZOT9D"
"snehamanek69@gmail.com","Bhagyashree Ashwin Manek","7894907116","KES Shroff College of Arts & Commerce","KES Shroff College","KS-Y6PB9S"
"khushisahu9324@gmail.com","Khushi Sahu","9324473688","Sydenham College of Commerce and Economics","Sydenham College","SYD-586237"
"abhishekdesangi44@gmail.com","Abhishek Desangi","7506022276","Sydenham College of Commerce and Economics","Sydenham College","SYD-553733"
"bhaktivaje25@gmail.com","Vaje Bhakti Prabhakar","8850294305","KES Shroff College of Arts & Commerce","KES Shroff College","KS-JHA5HE"
"kaartikkayy@gmail.com","kartik kumar israni","9461882752","H.R. College of Commerce & Economics","HR College","HRC-850373"
"jalshikhadalvi98@gmail.com","Jalshikha Dalvi","8411949111","KES Shroff College of Arts & Commerce","KES Shroff College","KS-VTZAE2"
"hussain.t@somaiya.edu","Hussain T Tarwalla","8657362540","Kj Somaiya College","KJ Somaiya College","KJS-663895"
"mrshar1972@gmail.com","Amaan Khan","7620272516","H.R. College of Commerce & Economics","HR College","HRC-253440"
"jarmalmunish@gmail.com","Munish Jarmal","9103213072","KES Shroff College of Arts & Commerce","KES Shroff College","KS-6MJM68"
"palak13mehta@gmail.com","Palak Mehta","8446974963","KES Shroff College of Arts & Commerce","KES Shroff College","KS-ZVVKP1"
"krrishyadav9d@gmail.com","Krrish Yadav","8104684986","KES Shroff College of Arts & Commerce","KES Shroff College","KS-Q2E8EN"
"daksh1116.p@gmail.com","Daksh Panchal","9664851684","KES Shroff College of Arts & Commerce","KES Shroff College","KS-SBZJG5"
"sumit992ms@gmail.com","Sumit Sharma","7718044348","KES Shroff College of Arts & Commerce","KES Shroff College","KS-8K1QDF"
"rakshit.aj@somaiya.edu","Rakshit Jain","7519434141","Kj Somaiya College","KJ Somaiya College","KJS-671017"
"solankisuresh4242u@gmail.com","Suresh Ramesh Solanki","9372832256","KES Shroff College of Arts & Commerce","KES Shroff College","KS-02IWV2"
"anweshaghosalkar@gmail.com","Anwesha Ghosalkar","8097841457","Sydenham College of Commerce and Economics","Sydenham College","SYD-396312"
"vivekambaliya011@gmail.com","Vivek Ambaliya","8097720281","KES Shroff College of Arts & Commerce","KES Shroff College","KS-YVUK7I"
"amitxr139@gmail.com","Amit Khajuria","6006495051","KES Shroff College of Arts & Commerce","KES Shroff College","KS-1FGV80"
"lakshya.mishra@somaiya.edu","LAKSHYA M MISHRA","9082521870","Kj Somaiya College","KJ Somaiya College","KJS-930930"
"agastya11@somaiya.edu","Agastya Chaturvedi","6900182878","Kj Somaiya College","KJ Somaiya College","KJS-392138"
"parmarshlokn@gmail.com","Shlok Nilesh Parmar","7506226655","KES Shroff College of Arts & Commerce","KES Shroff College","KS-L7IWSK"
"prachiacharya40@gmail.com","Prachi Acharya","8828099856","KES Shroff College of Arts & Commerce","KES Shroff College","KS-6JIXL4"
"himank.c@somaiya.edu","Himank Chandani","9079007471","Kj Somaiya College","KJ Somaiya College","KJS-164930"
"jagtaptejaswini01@gmail.com","Tejaswini Mangesh jagtap","9820337410","KES Shroff College of Arts & Commerce","KES Shroff College","KS-8NHIYP"
"avtarvaishnani2009@gmail.com","Avtar Vaishnani","8850775642","Sydenham College of Commerce and Economics","Sydenham College","SYD-723941"
"jangidanisha99@gmail.com","Anisha Jangid","7304942008","Sydenham College of Commerce and Economics","Sydenham College","SYD-690819"
"dubeysudhansu108@gmail.com","Dubey Sudhansu Yogendra","9209288122","KES Shroff College of Arts & Commerce","KES Shroff College","KS-4TZY21"
"siddhigupta1308@gmail.com","Siddhi Gupta","8767072325","Sydenham College of Commerce and Economics","Sydenham College","SYD-909808"
"tarpita794@gmail.com","Arpita Trivedi","9696887494","Sydenham College of Commerce and Economics","Sydenham College","SYD-994303"
"rashimeghani612@gmail.com","Rashiii Meghani","7977110819","KES Shroff College of Arts & Commerce","KES Shroff College","KS-EWWZ12"
"malharmokal@gmail.com","Malhar Mokal","7710878319","KES Shroff College of Arts & Commerce","KES Shroff College","KS-920HK0"
"jainilprajapati810@gmail.com","Jainil  Ashwin  Prajapati","8369662569","KES Shroff College of Arts & Commerce","KES Shroff College","KS-CSO2P7"
"pateldrashti.0208@gmail.com","Drashti Jayesh Patel","8879761979","KES Shroff College of Arts & Commerce","KES Shroff College","KS-N3C0LB"
"patelkhushi.19019@gmail.com","Khushi Ketan Patel","9920513122","KES Shroff College of Arts & Commerce","KES Shroff College","KS-NWB21Z"
"sahanimausam14@gmail.com","Mausam Sahani","8879436258","KES Shroff College of Arts & Commerce","KES Shroff College","KS-G8J9TD"
"jkaurgill43@gmail.com","Jasmeet Kaur Gill","9967076871","KES Shroff College of Arts & Commerce","KES Shroff College","KS-DE0G6X"
"sumitsaw6824@gmail.com","Sumit Kumar Kamlesh saw","9892721525","KES Shroff College of Arts & Commerce","KES Shroff College","KS-KM03LB"
"anupamanishad55@gmail.com","Anupama Ajay Nishad","9082172608","KES Shroff College of Arts & Commerce","KES Shroff College","KS-A4UN2E"
"himanibpatel6@gmail.com","PATEL HIMANI BHARAT","9324822554","KES Shroff College of Arts & Commerce","KES Shroff College","KS-2UTKS2"
"yashikachachad@gmail.com","Yashika ulhas chachad","8169862027","KES Shroff College of Arts & Commerce","KES Shroff College","KS-B9KVAQ"
"nidhid139@gmail.com","Nidhi sanjeev Desai","9969624994","KES Shroff College of Arts & Commerce","KES Shroff College","KS-7IX18Q"
"a62947209@gmail.com","Akshita","8369759475","KES Shroff College of Arts & Commerce","KES Shroff College","KS-2U0TEL"
"kumalanita1k@gmail.com","Anita kumal","9322534803","KES Shroff College of Arts & Commerce","KES Shroff College","KS-CQ4YPX"
"jhaminakshee91@gmail.com","Minakshee jha","7977026956","KES Shroff College of Arts & Commerce","KES Shroff College","KS-TBQEH2"
"sanjooktapatil@gmail.com","Sanjukta Patil","7021160779","Sydenham College of Commerce and Economics","Sydenham College","SYD-824145"
"movlika.kishor.patel@gmail.com","Movlika kishor patel","7448244696","KES Shroff College of Arts & Commerce","KES Shroff College","KS-Z4BYNM"
"doshidhrumil9@gmail.com","Dhrumil Doshi","8999034556","KES Shroff College of Arts & Commerce","KES Shroff College","KS-FOB0A2"
"aaryaannes@gmail.com","Aarya Wakkar","8767443804","KES Shroff College of Arts & Commerce","KES Shroff College","KS-IK89EZ"
"dharmashah136@gmail.com","Dharma Ashwin Shah","9372869544","KES Shroff College of Arts & Commerce","KES Shroff College","KS-85WQP4"
"himansharma1525@gmail.com","Himanshu Sharma","8082474223","KES Shroff College of Arts & Commerce","KES Shroff College","KS-0552VI"
"parmararya42@gmail.com","Parmar Arya Pravin","9867772244","KES Shroff College of Arts & Commerce","KES Shroff College","KS-GTNJEI"
"sagarneeki@gmail.com","Neeki Sagar","9022480805","KES Shroff College of Arts & Commerce","KES Shroff College","KS-UC0PK8"
"divijbaluni@gmail.com","Divij Baluni","9021896280","Kj Somaiya College","KJ Somaiya College","KJS-545491"
"aryanzagade21@gmail.com","Aryan Pradeep Zagade","8169901921","Sydenham College of Commerce and Economics","Sydenham College","SYD-504785"
"hassanashraf999@gmail.com","Hassan Ashraf","9321294677","KES Shroff College of Arts & Commerce","KES Shroff College","KS-QX5SZ3"
"ishaa.chauhan28@gmail.com","Isha Chauhan","8850211401","KES Shroff College of Arts & Commerce","KES Shroff College","KS-NB5Y96"
"tirthshah803@gmail.com","Tirth shah","8779090061","KES Shroff College of Arts & Commerce","KES Shroff College","KS-UQCHRT"
"aditishirke2007@gmail.com","Aditi Shirke","9321899726","KES Shroff College of Arts & Commerce","KES Shroff College","KS-OJ6YGA"
"kavyagajjar37@gmail.com","Kavya Gajjar","9867054216","KES Shroff College of Arts & Commerce","KES Shroff College","KS-1ZUE52"
"ashnadalal12@gmail.com","ashna mehul dalal","9819142530","KES Shroff College of Arts & Commerce","KES Shroff College","KS-SCD0FE"
"hetveepatel9@gmail.com","Hetvee Patel","7710926726","KES Shroff College of Arts & Commerce","KES Shroff College","KS-IGE2LA"
"romalimore624@gmail.com","MORE ROOMALI RAOSAHEB","8779330241","KES Shroff College of Arts & Commerce","KES Shroff College","KS-1SKV4T"
"sakshirokade2210@gmail.com","Sakshi Rokade","9594564036","KES Shroff College of Arts & Commerce","KES Shroff College","KS-7QRGTP"
"aryadhepe24@gmail.com","Arya Dhepe","8080372999","KES Shroff College of Arts & Commerce","KES Shroff College","KS-JXRX01"
"mohiitparmar2006@gmail.com","Mohit  Parmar 😎.","8879325405","KES Shroff College of Arts & Commerce","KES Shroff College","KS-UFG8PM"
"niyatisampat55@gmail.com","Niyati Sampat","7499277218","KES Shroff College of Arts & Commerce","KES Shroff College","KS-38CZH2"
"harshitasharma058651@gmail.com","Harshita Sharma","9920333814","KES Shroff College of Arts & Commerce","KES Shroff College","KS-MU39KN"
"ishakholkiya@gmail.com","Isha kholkiya","9326284113","KES Shroff College of Arts & Commerce","KES Shroff College","KS-8BIB7Y"
"anchanpujita1705@gmail.com","Pujita Pravin Anchan","9326095655","KES Shroff College of Arts & Commerce","KES Shroff College","KS-FGK4UM"
"shubhamkumargupta0150@gmail.com","Shubham Mukesh Gupta","9867901558","KES Shroff College of Arts & Commerce","KES Shroff College","KS-URAEZ1"
"honeymehta2007@gmail.com","Honey Mehta","9356571644","KES Shroff College of Arts & Commerce","KES Shroff College","KS-XW2A94"
"jiya.mandal0609@gmail.com","Jiya mandal","7977110695","Sydenham College of Commerce and Economics","Sydenham College","SYD-429615"
"priyankamehta180807@gmail.com","Priyanka Vinay  Mehta","9370413035","KES Shroff College of Arts & Commerce","KES Shroff College","KS-KLQAP1"
"meetkadia34@gamil.com","Meet sanjay kadia","8693869952","KES Shroff College of Arts & Commerce","KES Shroff College","KS-1ZQ99Q"
"sgvedant3@gmail.com","Vedant Santosh Gawade","7977829620","KES Shroff College of Arts & Commerce","KES Shroff College","KS-MD1ENV"
"koralasher0210@gmail.com","Koral Asher","7977731494","KES Shroff College of Arts & Commerce","KES Shroff College","KS-HPJRG7"
"kinjalmakwana6856@gmail.com","Kinjal Makwana","9373037225","KES Shroff College of Arts & Commerce","KES Shroff College","KS-G2S3U0"
"tejaswinishetty2007@gmail.com","Tejaswini Kishor Shetty","9619102949","KES Shroff College of Arts & Commerce","KES Shroff College","KS-M5IYNT"
"rajendralatika90@gmail.com","Latika Haldankar","7720977514","KES Shroff College of Arts & Commerce","KES Shroff College","KS-P2ABRN"
"yadavvandana5397@gmail.com","CHANDAN SACHIN YADAV","8329249795","KES Shroff College of Arts & Commerce","KES Shroff College","KS-UE1KQB"
"ss8480684@gmail.com","Saksham Sharma","7889558407","KES Shroff College of Arts & Commerce","KES Shroff College","KS-BN74NU"
"my.playprotien@gmail.com","Garv vanniar","7276663242","KES Shroff College of Arts & Commerce","KES Shroff College","KS-8W1K2U"
"karkarkhushi43@gmail.com","Khushi mahesh karkar","8369344151","KES Shroff College of Arts & Commerce","KES Shroff College","KS-JU3AMQ"
"yashchandurkar1395@gmail.com","Yash Chandurkar","9869682999","KES Shroff College of Arts & Commerce","KES Shroff College","KS-8P3Q9J"
"luv.sharma.240108@gmail.com","Luv Sharma","9004750619","KES Shroff College of Arts & Commerce","KES Shroff College","KS-0MV8MX"
"prathamdhawan0608@gmail.com","Pratham dhawan","8828322951","KES Shroff College of Arts & Commerce","KES Shroff College","KS-MIINC0"
"manasvipandya2007@gmail.com","Manasvi Chirag Pandya","9321592619","KES Shroff College of Arts & Commerce","KES Shroff College","KS-IFN3Y3"
"vihaanim786@gmail.com","Vihaan Banerjee","9095200789","Jai Hind College","JAI HIND COLLEGE","JAI-672559"
"ashutoshkumaria2007@gmail.com","Ashutosh kapil Kumaria","9321669638","Jai Hind College","JAI HIND COLLEGE","JAI-985906"
"architashah67@gmail.com","Archita Shah","7709967338","KES Shroff College of Arts & Commerce","KES Shroff College","KS-OJ1VZO"
"sahilpanchal748@gmail.com","SAHIL PANCHAL","9326983044","KES Shroff College of Arts & Commerce","KES Shroff College","KS-U6K6B1"
"aditimishra232009@gmail.com","Aditi pradeep Mishra","7219794022","KES Shroff College of Arts & Commerce","KES Shroff College","KS-7OSH7T"
"angelinanadar7@gmail.com","Angelina Nadar","9820333592","KES Shroff College of Arts & Commerce","KES Shroff College","KS-P6Z56G"
"delisha.mehta@gmail.com","Delisha Mehta","8169873800","KES Shroff College of Arts & Commerce","KES Shroff College","KS-VZRKOC"
"prg81690@gmail.com","Prachi Gupta","8169026683","KES Shroff College of Arts & Commerce","KES Shroff College","KS-290YE8"
"vadhiyadiya2@gmail.com","Diya Vadhiya","8624925991","KES Shroff College of Arts & Commerce","KES Shroff College","KS-0NFEYI"
"ashwikavipin@gmail.com","Ashwika Vipin","8055549839","KES Shroff College of Arts & Commerce","KES Shroff College","KS-OV587R"
"surajyadav1562003@gmail.com","Suraj Yadav","7304115792","KES Shroff College of Arts & Commerce","KES Shroff College","KS-1J2PSU"
"tanmay.suranatop01@gmail.com","Tanmay Surana","9272368959","Sydenham College of Commerce and Economics","Sydenham College","SYD-323608"
"adarshs7866@gmail.com","Anjali Pandey","9730188249","Sydenham College of Commerce and Economics","Sydenham College","SYD-924821"
"shashank.rawat@somaiya.edu","Shashank Rawat","8976234948","Somaiya Vidyavihar University - S.K. Somaiya College","KJ Somaiya College","SKS-141820"
"bhavishya.rohra@somaiya.edu","Bhavishya Rohra","9867503130","Kj Somaiya College","KJ Somaiya College","KJS-615710"
"narayan.goenka@somaiya.edu","Narayan Goenka","6377695044","Kj Somaiya College","KJ Somaiya College","KJS-307949"
"swanandijadhav61@gmail.com","Swanandi Jadhav","8097211236","Somaiya Vidyavihar University - S.K. Somaiya College","KJ Somaiya College","SKS-739018"
"guptashivansh843@gmail.com","Shivansh Gupta","9833504441","KES Shroff College of Arts & Commerce","KES Shroff College","KS-SZVFQV"
"kayapandya5@gmail.com","Kaya janak pandya","8850970273","KES Shroff College of Arts & Commerce","KES Shroff College","KS-H4O58N"
"kadamrajput1@gmail.com","Kadamsingh Shivsingh Rajput","9004677041","KES Shroff College of Arts & Commerce","KES Shroff College","KS-76VKX5"
"alpeshharyan21@gmail.com","Alpesh Haryan","7021548921","Sydenham College of Commerce and Economics","Sydenham College","SYD-528803"
"prachipadvekar7@gmail.com","Prachi Dattaram Padvekar","8356863773","KES Shroff College of Arts & Commerce","KES Shroff College","KS-MWIHPG"
"pratibhasoni687@gmail.com","PRATIBHA SONI","7977121106","KES Shroff College of Arts & Commerce","KES Shroff College","KS-LDR3SF"
"bagalananya4@gmail.com","Bagal Ananya Pankaj","8928983856","Sydenham College of Commerce and Economics","Sydenham College","SYD-476530"
"hariaji611@gmail.com","Jiya  Bhavin Haria","8369531096","KES Shroff College of Arts & Commerce","KES Shroff College","KS-RK6BH2"
"vaishnavisuru27@gmail.com","Vaishnavi Suru","8177934087","KES Shroff College of Arts & Commerce","KES Shroff College","KS-2C4HOG"
"akshatsayani877984@gmail.com","Akshat Sayani","8779849969","KES Shroff College of Arts & Commerce","KES Shroff College","KS-MZRYYH"
"yashpujari147@gmail.com","Yash Pujari","7208011986","KES Shroff College of Arts & Commerce","KES Shroff College","KS-6WXJSW"
"chavanjeetesh56@gmail.com","Jeetesh Kishor Chavan","9326330726","KES Shroff College of Arts & Commerce","KES Shroff College","KS-9MON0K"
"kashishdubey420@gmail.com","Kashish Dubey","9311807736","Sydenham College of Commerce and Economics","Sydenham College","SYD-775077"
"maqs.kes@gmail.com","Maqdoom Shah","9810848817","KES Shroff College of Arts & Commerce","KES Shroff College","KS-L1TUJS"
"kedarpetkar164@gmail.com","Kedar Rajesh Petkar","7841837922","KES Shroff College of Arts & Commerce","KES Shroff College","KS-6YCGLY"
"bansodeghanika@gmail.com","Ghanika Bansode","9224143211","KES Shroff College of Arts & Commerce","KES Shroff College","KS-1M2S20"
"rushabhdoshi6038@gmail.com","Rushabh Doshi","7718012403","KES Shroff College of Arts & Commerce","KES Shroff College","KS-4PSPRE"
"dcostasteve033@gmail.com","Steve Stanley Dcosta","7715023558","KES Shroff College of Arts & Commerce","KES Shroff College","KS-BREZC5"
"mouryapayal94@gmail.com","Payal Mourya","9967199293","KES Shroff College of Arts & Commerce","KES Shroff College","KS-WVMIY7"
"jooyagulrajshaikh@gmail.com","Jooya shaikh","9702306485","KES Shroff College of Arts & Commerce","KES Shroff College","KS-ZH3GJ1"
"galakavya72@gmail.com","Kavya Gala","8454963604","KES Shroff College of Arts & Commerce","KES Shroff College","KS-0DYL2S"
"rahanenivedita@gmail.com","nivedita Rahane","8767007553","KES Shroff College of Arts & Commerce","KES Shroff College","KS-3ABL3E"
"solankiharshita236@gmail.com","Harshita jayesh solanki","8828730014","KES Shroff College of Arts & Commerce","KES Shroff College","KS-L2NVCX"
"rudratank24@gmail.com","Rudra Jai Tank","8655306806","KES Shroff College of Arts & Commerce","KES Shroff College","KS-PIOGHC"
"henishadarji11@gmail.com","Henisha Darji","7021522438","KES Shroff College of Arts & Commerce","KES Shroff College","KS-SKGQRU"
"ruchikakounder1503@gmail.com","Ruchika Kounder","8369421115","KES Shroff College of Arts & Commerce","KES Shroff College","KS-LS16JQ"
"dpretash055@gmail.com","Pretash Das","9890899074","KES Shroff College of Arts & Commerce","KES Shroff College","KS-R5BGQJ"
"hasiashaikh@gmail.com","Hasia Raees Ahmed Shaikh","7977494173","Narsee Monjee College of Commerce & Economics","NM College","NMC-209071"
"sauravm3112@gmail.com","Saurav Mishra","8828287255","Sydenham College of Commerce and Economics","Sydenham College","SYD-677679"
"kn359465@gmail.com","Khushi Nishad","8080342959","Sydenham College of Commerce and Economics","Sydenham College","SYD-809919"
"saathitravels786@gmail.com","Fauziyah Ismail Gadhwala","9004978551","Sydenham College of Commerce and Economics","Sydenham College","SYD-825522"
"krishikathakkar89@gmail.com","Krishika Thakkar","8657227285","KES Shroff College of Arts & Commerce","KES Shroff College","KS-LDXK6Z"
"shwetavishwakarma2820@gmail.com","Shweta Vishwakarma","9326975805","Sydenham College of Commerce and Economics","Sydenham College","SYD-211614"
"jainikzanzrukia@gmail.com","Jainik Zanzrukia","8591637195","KES Shroff College of Arts & Commerce","KES Shroff College","KS-B898KG"
"smithpatel2102@gmail.com","Smith Patel","7862044170","KES Shroff College of Arts & Commerce","KES Shroff College","KS-I57O35"
"harshita58t@gmail.com","Harshita Tiwari","9324966998","KES Shroff College of Arts & Commerce","KES Shroff College","KS-LX7P4M"
"gitanjalivenkateshg@gmail.com","Gitanjali Venkatesh G","9820073854","KES Shroff College of Arts & Commerce","KES Shroff College","KS-R5YTWM"
"palakchauhan149@gmail.com","Palak Chauhan","9136542664","KES Shroff College of Arts & Commerce","KES Shroff College","KS-PCOFF5"
"meetgohil1806@gmail.com","Meet Gohil","9867976939","KES Shroff College of Arts & Commerce","KES Shroff College","KS-AGZHJA"
"shinde.dhun@gmail.com","Dhun Shinde","7715010036","KES Shroff College of Arts & Commerce","KES Shroff College","KS-YAXO7G"
"vidhi.bingi05@gmail.com","Bingi Vidhi Raju","9820913879","KES Shroff College of Arts & Commerce","KES Shroff College","KS-BQVLMP"
"namemy1330@gmail.com","Ankita Paul","8240743709","Sydenham College of Commerce and Economics","Sydenham College","SYD-202853"
"angel8006@gmail.com","Angel Gupta","7020688218","Sydenham College of Commerce and Economics","Sydenham College","SYD-515540"
"vaishali02805@gmail.com","Vaishali Sharma","9833151111","KES Shroff College of Arts & Commerce","KES Shroff College","KS-RJ3KC5"
"vanshthakur59a@gmail.com","Vansh Thakur","8983537423","H.R. College of Commerce & Economics","HR College","HRC-614151"
"deeprambhiya78@gmail.com","Deep Bhavesh Rambhiya","8928768908","H.R. College of Commerce & Economics","HR College","HRC-281464"
"aditshirke62@gmail.com","Adit Shirke","8108739703","H.R. College of Commerce & Economics","HR College","HRC-375880"
"sonimadhav2010@gmail.com","Madhav Rajendra Soni","9136999484","H.R. College of Commerce & Economics","HR College","HRC-866722"
"kudalkartanay07@gmail.com","Tanay Kudalkar","9852999711","Sydenham College of Commerce and Economics","Sydenham College","SYD-873398"
"harshwaghe15@gmail.com","Harsh mukund waghe","8983456564","Sydenham College of Commerce and Economics","Sydenham College","SYD-603643"
"chahak10208@gmail.com","Chahak Gupta","9209063086","Sydenham College of Commerce and Economics","Sydenham College","SYD-346402"
"kagziaamna@gmail.com","Aamna Kagzi","9326863963","Sydenham College of Commerce and Economics","Sydenham College","SYD-614509"
"devtasahu71@gmail.com","Devta Gaurishankar Sahu","7715915310","Sydenham College of Commerce and Economics","Sydenham College","SYD-904695"
"devikavarma008@gmail.com","Devika Varma","8356973717","Sydenham College of Commerce and Economics","Sydenham College","SYD-542502"
"sibtainr072@gmail.com","Ansari sibten raza","9321897722","Sydenham College of Commerce and Economics","Sydenham College","SYD-171624"
"aditisingh5309@gmail.com","Aditi Singh","8356993440","Sydenham College of Commerce and Economics","Sydenham College","SYD-486036"
"81.maryamvohra@gmail.com","Maryam Abbas Vohra","8369549619","Sydenham College of Commerce and Economics","Sydenham College","SYD-337953"
"gauri.tiruwa@somaiya.edu","Gauri tiruwa","9136848362","Kj Somaiya College","KJ Somaiya College","KJS-655800"
"jainum.kodia@somaiya.edu","Jainum  kodia","8104660362","Kj Somaiya College","KJ Somaiya College","KJS-962766"
"krishavikmani@gmail.com","Krisha manilal vikmani","9373742898","KES Shroff College of Arts & Commerce","KES Shroff College","KS-ZY2HMC"
"cpchat01@gmail.com","Pratibha Chaturvedi","9819705421","Sydenham College of Commerce and Economics","Sydenham College","SYD-877779"
"veergogri01@gmail.com","Veer Gogri","9321837412","KES Shroff College of Arts & Commerce","KES Shroff College","KS-FSALEV"
"kantrinku370@gmail.com","Yuvraj Rishikant Chaturvedi","9699242552","Sydenham College of Commerce and Economics","Sydenham College","SYD-569921"
"tejomayparab@gmail.com","TEJOMAY PARAB","7887925237","Sydenham College of Commerce and Economics","Sydenham College","SYD-962152"
"aranayadav2611@gmail.com","Arana Yadav","6387988143","Sydenham College of Commerce and Economics","Sydenham College","SYD-363947"
"aaryakolte2008@gmail.com","AARYA SUJIT KOLTE","9987010796","Sydenham College of Commerce and Economics","Sydenham College","SYD-629251"
"kajolsharmaa26@gmail.com","Kajol Sharma","9356650498","Sydenham College of Commerce and Economics","Sydenham College","SYD-588018"
"singhhitesh21952@gmail.com","Hitesh Singh","8591047588","Sydenham College of Commerce and Economics","Sydenham College","SYD-312676"
"aum.sharma@somaiya.edu","Aum Sharma","7738719359","Kj Somaiya College","KJ Somaiya College","KJS-715656"
"vaishnavipillai704@gmail.com","Vaishnavi Pillai","9834040185","Sydenham College of Commerce and Economics","Sydenham College","SYD-318778"
"reena.savla06@gmail.com","Reena Savla","7990223957","Sydenham College of Commerce and Economics","Sydenham College","SYD-566591"
"hetvirojiwadiya4114@gmail.com","Hetvi Rojiwadiya","9324888419","Sydenham College of Commerce and Economics","Sydenham College","SYD-594324"
"devasia22261113@gmail.com","Devayani Goutam","9730566038","Kj Somaiya College","KJ Somaiya College","KJS-469395"
"anitasing1114@gmail.com","Anita Singh","8657564031","Sydenham College of Commerce and Economics","Sydenham College","SYD-544714"
"deepalimahajanmw16@gmail.com","Deepali Mahajan","8928698164","Kj Somaiya College","KJ Somaiya College","KJS-498011"
"setub.sb444@gmail.com","SETU BADIANI","7228938010","Sydenham College of Commerce and Economics","Sydenham College","SYD-602761"
"kamakshi.kothari@somaiya.edu","Kamakshi","9967081493","Kj Somaiya College","KJ Somaiya College","KJS-862923"
"chawdamihir1@gmail.com","Mihir Chawda","9619580369","Sydenham College of Commerce and Economics","Sydenham College","SYD-375196"
"pawarharsh0877@gmail.com","Harshad Pawar","8766612228","KES Shroff College of Arts & Commerce","KES Shroff College","KS-18H7JU"
"rensukekunigami01@gmail.com","Arush Bagadia","8976126463","Sydenham College of Commerce and Economics","Sydenham College","SYD-154972"
"sharanyamanoj2008@gmail.com","Sharanya Manoj","7304886971","Sydenham College of Commerce and Economics","Sydenham College","SYD-344458"
"aryan.more@somaiya.edu","Aryan Pramod More","8928031019","Kj Somaiya College","KJ Somaiya College","KJS-511651"
"prasannamore2320@gmail.com","Prasanna More","8692086897","Kj Somaiya College","KJ Somaiya College","KJS-129615"
"pavanimahendra2@gmail.com","Pavani Mahendra","9137265390","Sydenham College of Commerce and Economics","Sydenham College","SYD-197834"
"pramiladari0224@gmail.com","Pramila Pintu Dari","9769372744","Sydenham College of Commerce and Economics","Sydenham College","SYD-740757"
"mohitmistry456@gmail.com","Mohit Kumar Mistry","9693136583","KES Shroff College of Arts & Commerce","KES Shroff College","KS-IAPH4B"
"manasmavani25@gmail.com","Manas Manish Mavani","9699115371","KES Shroff College of Arts & Commerce","KES Shroff College","KS-D8VF76"
"dishajain616@gmail.com","Disha Hemant Jain","7738706949","KES Shroff College of Arts & Commerce","KES Shroff College","KS-H79K5T"
"maheshdmvas609@gmail.com","MAHESH Vinod PARMAR","9769594112","KES Shroff College of Arts & Commerce","KES Shroff College","KS-WWO365"
"shivmparmar134@gmail.com","Shivam parmar","9373633289","KES Shroff College of Arts & Commerce","KES Shroff College","KS-H79ZWH"
"ssrishti932@gmail.com","Shetty Srishti Jagdish","7045048085","KES Shroff College of Arts & Commerce","KES Shroff College","KS-R660GI"
"shahmarisha3@gamil.com","Shah Marisha Nilesh","9137441650","KES Shroff College of Arts & Commerce","KES Shroff College","KS-4FZXYB"
"chharibhoomika19@gmail.com","Chhari Bhoomika Naresh","9321287731","KES Shroff College of Arts & Commerce","KES Shroff College","KS-R90TS8"
"jhaaditya1610@gmail.com","Aditya Shailendra Jha","9702746268","KES Shroff College of Arts & Commerce","KES Shroff College","KS-AS6L8S"
"shyambhanushali1807@gmail.com","SHYAM BHANUSHALI","9152800828","KES Shroff College of Arts & Commerce","KES Shroff College","KS-BTI3QI"
"naitikrajghor@gmail.com","Naitik parvesh Rajghor","9137087599","KES Shroff College of Arts & Commerce","KES Shroff College","KS-KXOMMT"
"shristiupadhayay29@gmail.com","Shristi Upadhayay","9321488207","KES Shroff College of Arts & Commerce","KES Shroff College","KS-5RT2VH"
"28rethikachalke@gmail.com","Rethika Rajesh Chalke","9172945302","KES Shroff College of Arts & Commerce","KES Shroff College","KS-0HDWH0"
"devanshitrivedi2008@gmail.com","Devanshi Trivedi","8976010235","KES Shroff College of Arts & Commerce","KES Shroff College","KS-LXETNI"
"prishaarush18@gmail.com","Bhaskaran  PRISHA ARUSH","8097032821","KES Shroff College of Arts & Commerce","KES Shroff College","KS-56H2TX"
"jinaldhandhukiya2008@gmail.com","Jinal Dhandhukiya","8169587893","KES Shroff College of Arts & Commerce","KES Shroff College","KS-NMUQSR"
"dhaneshwaritrivedi297@gmail.com","dhaneshwari trivedi Manish","8169016160","KES Shroff College of Arts & Commerce","KES Shroff College","KS-0BXYR1"
"palakp.0248@gmail.com","Palak Pandey","7860665211","KES Shroff College of Arts & Commerce","KES Shroff College","KS-I17RKF"
"sonammali2056@gmail.com","Sonam Mali","7304945085","KES Shroff College of Arts & Commerce","KES Shroff College","KS-RS88SE"
"sunderchoudhary1828@gmail.com","Sunder Choudhary","8355966231","KES Shroff College of Arts & Commerce","KES Shroff College","KS-13P5FB"
"komalsingh07.2005@gmail.com","Komal Singh","8369733108","KES Shroff College of Arts & Commerce","KES Shroff College","KS-THKP5J"
"kevinkatpara0017@gmail.com","KATPARA KEVINBHAI RAGHAVBHAI","8237891561","KES Shroff College of Arts & Commerce","KES Shroff College","KS-S6MLSN"
"dhairyachheda416@gmail.com","Dhairya chetan chheda","8446006176","KES Shroff College of Arts & Commerce","KES Shroff College","KS-O3IEPK"
"dakshdhumadiya1@gmail.com","Daksh Dhumadiya","9892388382","KES Shroff College of Arts & Commerce","KES Shroff College","KS-IT58VE"
"harshaliworkid@gmail.com","Harshali Bhavesh Chauhan","7977063606","KES Shroff College of Arts & Commerce","KES Shroff College","KS-CVMHNW"
"vlanjekar805@gmail.com","Vedant Lanjekar","8097720358","KES Shroff College of Arts & Commerce","KES Shroff College","KS-ABMZBX"
"naynap174@gmail.com","Aishwarya patel","9987333181","KES Shroff College of Arts & Commerce","KES Shroff College","KS-YCFWIU"
"limbanidhrumi6@gamil.com","Dhrumi Limbani","8369388503","KES Shroff College of Arts & Commerce","KES Shroff College","KS-2X4DUJ"
"pratikshengokar916@gmail.com","PRATIK SHENGOKAR","8097667806","KES Shroff College of Arts & Commerce","KES Shroff College","KS-JJHQB8"
"vibhamishra2006@gmail.com","Vibha Mishra","9867488052","KES Shroff College of Arts & Commerce","KES Shroff College","KS-AO8IRN"
"nakarvidhi@gmail.com","Vidhi Nakar","7588300341","KES Shroff College of Arts & Commerce","KES Shroff College","KS-B0YOO8"
"pateljoshua2203@gmail.com","Joshua patel","9321602256","KES Shroff College of Arts & Commerce","KES Shroff College","KS-JI3ROA"
"drishtikunder06@gmail.com","Drishti Kunder","9372676679","KES Shroff College of Arts & Commerce","KES Shroff College","KS-K5S41S"
"tiwariprakhar940@gmail.com","Prakhar Tiwari","6388801245","KES Shroff College of Arts & Commerce","KES Shroff College","KS-1QSU2K"
"ketakig008@gmail.com","Ketaki Gupta","7559119653","KES Shroff College of Arts & Commerce","KES Shroff College","KS-WL2OAS"
"mansiy926@gmail.com","Yadav mansi indraman","8433651354","KES Shroff College of Arts & Commerce","KES Shroff College","KS-R6R0BV"
"rashiannes08@gmail.com","Rashi Manoj Gala","9011808535","KES Shroff College of Arts & Commerce","KES Shroff College","KS-70J9XR"
"cnmh721@gmail.com","Carol Charlton Ho","8483083543","KES Shroff College of Arts & Commerce","KES Shroff College","KS-N7OXHW"
"shubham.mehta88790@gmail.com","Shubham hitesh mehta","8879015683","KES Shroff College of Arts & Commerce","KES Shroff College","KS-3X2WQ0"
"tanishagour92@gmail.com","Tanisha Gour","9702346084","KES Shroff College of Arts & Commerce","KES Shroff College","KS-4FT6JQ"
"jainakshat682007@gmail.com","Akshat Sohanlal Jain","7977352634","KES Shroff College of Arts & Commerce","KES Shroff College","KS-RYAM2L"
"mehta.jaanya@gmail.com","Jaanya Mehta","9867029995","KES Shroff College of Arts & Commerce","KES Shroff College","KS-WQ3UCP"
"aniruddhdwivedi18@gnail.com","Dwivedi Aniruddh Omprakash","7506783550","KES Shroff College of Arts & Commerce","KES Shroff College","KS-IITKMO"
"vajabhavik84@gmail.com","Bhavik Amit Vaja","9146655914","KES Shroff College of Arts & Commerce","KES Shroff College","KS-GRJDRE"
"rahil.k0703@gmail.com","Khan Rahil","7506515951","KES Shroff College of Arts & Commerce","KES Shroff College","KS-OM7FSG"
"limbachiya.khushi26@gmail.com","Khushi Kamlesh Limbachiya","7977552501","KES Shroff College of Arts & Commerce","KES Shroff College","KS-R68KJ1"
"drastipatel53@gmail.com","Drasti  patel","8928319773","KES Shroff College of Arts & Commerce","KES Shroff College","KS-FUH61Q"
"jkumavat3456@gmail.com","Jignesh kumavat","9137565032","KES Shroff College of Arts & Commerce","KES Shroff College","KS-BY8LD5"
"daksh.mutras05@gmail.com","Daksh Shekhar mutras","9136692023","KES Shroff College of Arts & Commerce","KES Shroff College","KS-J4QZX6"
"krishapatni12@gmail.com","Krisha Patni","8108207578","KES Shroff College of Arts & Commerce","KES Shroff College","KS-PST4S9"
"iamkuku729@gmail.com","KANAK MANISH SHAHANI","9372902075","KES Shroff College of Arts & Commerce","KES Shroff College","KS-L5DIJX"
"vineetmehra2641@gmail.com","VINEET RAJENDRA MEHRA","8591251783","KES Shroff College of Arts & Commerce","KES Shroff College","KS-7MPY43"
"sahilmakwana771@gmail.com","Sahil Mahesh Makwana","9920748704","KES Shroff College of Arts & Commerce","KES Shroff College","KS-J6Z5DV"
"bhanuchoudhary940@gmail.com","Bhanu choudhary","8591449783","KES Shroff College of Arts & Commerce","KES Shroff College","KS-SHFKVW"
"aayushi.ayu00@gmail.com","Ayushi Sahu","9819704434","KES Shroff College of Arts & Commerce","KES Shroff College","KS-A6BZBC"
"p.singhvi122@gmail.com","Prachi bharat singhvi","8446964850","KES Shroff College of Arts & Commerce","KES Shroff College","KS-VTP1XK"
"yaminij769@gmail.com","Jainam jain","8976350557","KES Shroff College of Arts & Commerce","KES Shroff College","KS-0RP3IJ"